timestamp,bandwidth_in (kb),bandwidth_out (kb),jenis_probo,ping,label
2024-12-01 00:00:00,1924,509,ftp,28.23,Normal
2024-12-01 00:00:15,2386,1779,ftp,74.33,Normal
2024-12-01 00:01:10,1524,9774,http,4.15,Flood
2024-12-01 00:00:18,3682,3911,https,60.6,Normal
2024-12-01 00:02:24,3357,11831,ftp,70.43,Flood
2024-12-01 00:02:15,3711,7459,https,28.54,Normal
2024-12-01 00:05:36,206,2715,ftp,42.84,Normal
2024-12-01 00:02:06,2647,3627,dns,34.32,Normal
2024-12-01 00:00:48,6324,1684,icmp,84.9,Normal
2024-12-01 00:05:51,4433,811,ftp,46.48,Normal
2024-12-01 00:01:20,6301,1391,https,30.02,Normal
2024-12-01 00:07:31,10233,6025,https,20.04,Flood
2024-12-01 00:01:00,850,10934,udp,77.53,Flood
2024-12-01 00:01:18,3914,1754,http,28.52,Normal
2024-12-01 00:09:34,6077,2764,icmp,36.17,Normal
2024-12-01 00:10:45,4474,11598,ftp,65.16,Flood
2024-12-01 00:10:24,10503,2903,https,73.18,Flood
2024-12-01 00:03:07,7673,6316,icmp,98.96,Normal
2024-12-01 00:12:18,11374,9225,udp,68.78,Flood
2024-12-01 00:17:06,1016,3852,dns,4.18,Normal
2024-12-01 00:07:00,6672,4486,tcp,21.89,Normal
2024-12-01 00:12:57,11862,5255,udp,65.89,Flood
2024-12-01 00:09:32,10632,7617,udp,27.22,Flood
2024-12-01 00:06:08,9297,8930,icmp,74.95,Flood
2024-12-01 00:11:12,9660,6643,icmp,22.71,Flood
2024-12-01 00:03:45,8448,8185,tcp,75.82,Flood
2024-12-01 00:24:16,1896,2604,ftp,16.84,Normal
2024-12-01 00:19:48,7016,9871,tcp,39.09,Flood
2024-12-01 00:18:12,7768,8769,icmp,97.14,Flood
2024-12-01 00:27:04,288,11245,ftp,12.34,Flood
2024-12-01 00:28:30,8897,4471,dns,64.46,Flood
2024-12-01 00:04:08,4908,7223,udp,45.92,Normal
2024-12-01 00:25:04,11891,4415,https,76.43,Flood
2024-12-01 00:18:09,1843,10344,icmp,84.33,Flood
2024-12-01 00:18:42,10077,3358,udp,38.02,Flood
2024-12-01 00:06:25,8937,8789,tcp,60.3,Flood
2024-12-01 00:19:12,419,1932,icmp,87.99,Normal
2024-12-01 00:33:18,5138,4023,tcp,24.85,Normal
2024-12-01 00:23:26,1390,1503,ftp,49.11,Normal
2024-12-01 00:03:15,8827,2160,udp,66.32,Flood
2024-12-01 00:24:00,2805,4442,https,87.37,Normal
2024-12-01 00:19:08,3570,8935,dns,73.26,Flood
2024-12-01 00:09:06,11780,5207,http,99.52,Flood
2024-12-01 00:30:06,6218,7277,https,45.7,Normal
2024-12-01 00:11:44,3781,1149,icmp,3.08,Normal
2024-12-01 00:27:00,3870,9741,udp,1.71,Flood
2024-12-01 00:35:16,10439,1064,udp,7.67,Flood
2024-12-01 00:02:21,5513,1260,https,24.56,Normal
2024-12-01 00:34:24,8053,3610,https,14.1,Flood
2024-12-01 00:49:00,9455,9540,http,25.06,Flood
2024-12-01 00:25:50,6769,3219,tcp,10.6,Normal
2024-12-01 00:23:48,5904,7039,http,47.24,Normal
2024-12-01 00:40:44,987,11132,ftp,98.43,Flood
2024-12-01 00:06:11,1093,6696,ftp,34.59,Normal
2024-12-01 00:50:24,1890,4173,udp,19.83,Normal
2024-12-01 00:26:35,2396,7012,udp,28.58,Normal
2024-12-01 00:14:56,1335,7360,dns,86.27,Normal
2024-12-01 00:34:12,1704,928,ftp,99.93,Normal
2024-12-01 00:52:12,341,1628,dns,85.02,Normal
2024-12-01 00:10:49,6758,8056,http,22.16,Flood
2024-12-01 00:26:00,1060,2797,http,1.21,Normal
2024-12-01 00:25:25,4445,7554,icmp,42.88,Normal
2024-12-01 00:48:34,9205,10944,ftp,49.18,Flood
2024-12-01 00:13:39,4961,3666,tcp,58.34,Normal
2024-12-01 00:37:20,1098,5238,tcp,5.96,Normal
2024-12-01 00:33:35,8338,8801,udp,6.63,Flood
2024-12-01 00:36:18,1412,3144,tcp,59.91,Normal
2024-12-01 00:49:08,3953,6715,tcp,94.22,Normal
2024-12-01 00:41:56,4133,9585,https,4.93,Flood
2024-12-01 00:06:54,6968,10870,https,56.96,Flood
2024-12-01 00:24:30,4372,3446,ftp,71.9,Normal
2024-12-01 00:18:56,4451,6584,udp,67.5,Normal
2024-12-01 00:24:00,7591,5280,dns,93.64,Normal
2024-12-01 00:01:13,7608,10277,https,99.61,Flood
2024-12-01 00:06:10,8908,3592,https,27.25,Flood
2024-12-01 01:15:00,5818,1227,udp,37.58,Normal
2024-12-01 00:13:56,7279,9000,ftp,30.95,Flood
2024-12-01 01:06:44,10814,8766,tcp,67.12,Flood
2024-12-01 00:46:48,5005,10968,tcp,93.95,Flood
2024-12-01 00:11:51,4433,1991,tcp,74.5,Normal
2024-12-01 00:13:20,4562,4716,https,21.85,Normal
2024-12-01 00:29:42,3435,11363,ftp,85.44,Flood
2024-12-01 00:45:06,8104,4214,dns,6.03,Flood
2024-12-01 00:56:43,7039,4633,tcp,1.35,Normal
2024-12-01 01:10:00,2243,10538,icmp,17.0,Flood
2024-12-01 00:41:05,9138,11661,http,56.53,Flood
2024-12-01 00:11:28,1332,11421,udp,55.01,Flood
2024-12-01 01:18:18,6149,9643,https,15.66,Flood
2024-12-01 00:13:12,785,5150,icmp,90.0,Normal
2024-12-01 01:15:39,753,5962,udp,68.52,Normal
2024-12-01 01:04:30,1784,5894,dns,56.43,Normal
2024-12-01 01:24:56,6758,10268,ftp,16.3,Flood
2024-12-01 01:32:00,3978,2762,dns,81.27,Normal
2024-12-01 01:28:21,6855,506,udp,73.92,Normal
2024-12-01 00:34:28,6845,11075,dns,73.77,Flood
2024-12-01 00:25:20,4471,2708,dns,70.43,Normal
2024-12-01 00:40:00,734,7811,udp,20.76,Normal
2024-12-01 01:35:23,7641,5828,icmp,82.23,Normal
2024-12-01 01:31:28,3828,3752,tcp,66.34,Normal
2024-12-01 00:42:54,5478,4664,dns,7.87,Normal
2024-12-01 01:23:20,4673,5853,ftp,51.43,Normal
2024-12-01 01:14:04,8885,5525,tcp,12.42,Flood
2024-12-01 00:28:54,3025,9612,icmp,4.79,Flood
2024-12-01 01:06:57,7219,5763,ftp,78.86,Normal
2024-12-01 00:48:32,10032,8479,tcp,39.13,Flood
2024-12-01 01:04:45,3214,4273,tcp,71.17,Normal
2024-12-01 00:01:46,8618,8921,ftp,72.22,Flood
2024-12-01 01:25:36,11087,3328,icmp,43.7,Flood
2024-12-01 01:17:24,5509,10309,icmp,66.68,Flood
2024-12-01 00:14:32,11892,5020,https,31.62,Flood
2024-12-01 00:49:30,5444,6692,ftp,30.27,Normal
2024-12-01 00:16:39,3243,6988,ftp,94.1,Normal
2024-12-01 01:22:08,2951,10184,https,30.79,Flood
2024-12-01 01:07:48,106,5078,icmp,21.81,Normal
2024-12-01 01:36:54,9602,10039,ftp,32.9,Flood
2024-12-01 00:55:35,7344,11169,udp,51.61,Flood
2024-12-01 01:38:36,2880,10894,tcp,29.09,Flood
2024-12-01 01:23:51,10470,10245,icmp,10.25,Flood
2024-12-01 01:36:22,3948,11123,icmp,23.24,Flood
2024-12-01 00:25:47,2514,500,tcp,25.24,Normal
2024-12-01 01:02:00,10115,1293,http,42.03,Flood
2024-12-01 01:22:41,9531,3285,ftp,69.94,Flood
2024-12-01 01:05:04,6647,4097,udp,65.95,Normal
2024-12-01 00:02:03,1846,7065,udp,18.41,Normal
2024-12-01 01:33:00,8586,7711,tcp,56.18,Flood
2024-12-01 02:02:55,2088,7578,udp,80.34,Normal
2024-12-01 01:30:18,8802,9257,https,32.41,Flood
2024-12-01 01:43:43,7351,10137,dns,72.21,Flood
2024-12-01 01:10:24,7091,9076,http,89.82,Flood
2024-12-01 01:43:12,7877,7473,icmp,75.43,Normal
2024-12-01 01:57:00,10547,4643,dns,77.99,Flood
2024-12-01 01:09:52,10368,4019,icmp,44.55,Flood
2024-12-01 01:41:12,4781,3941,icmp,34.25,Normal
2024-12-01 02:08:34,8949,1420,udp,15.93,Flood
2024-12-01 00:55:50,11469,2603,ftp,22.18,Flood
2024-12-01 01:00:45,6778,5521,https,47.13,Normal
2024-12-01 00:09:04,3488,6983,http,90.58,Normal
2024-12-01 01:26:46,11495,420,dns,88.19,Flood
2024-12-01 01:25:06,6332,7914,tcp,94.33,Normal
2024-12-01 00:46:20,6489,6965,https,75.0,Normal
2024-12-01 01:21:40,9983,3713,http,22.72,Flood
2024-12-01 01:05:48,8056,575,http,34.28,Flood
2024-12-01 01:44:08,6724,11964,udp,84.21,Flood
2024-12-01 02:20:37,2191,10295,https,3.67,Flood
2024-12-01 01:02:24,9797,9346,ftp,3.68,Flood
2024-12-01 01:41:30,7122,2323,dns,46.71,Normal
2024-12-01 00:09:44,4362,6311,icmp,21.95,Normal
2024-12-01 00:51:27,5629,6311,icmp,75.45,Normal
2024-12-01 02:13:12,7006,4233,dns,9.11,Normal
2024-12-01 00:04:58,8937,953,icmp,23.2,Flood
2024-12-01 00:12:30,10778,759,dns,4.07,Flood
2024-12-01 00:40:16,3366,433,https,16.09,Normal
2024-12-01 00:22:48,7858,11068,tcp,56.83,Flood
2024-12-01 00:35:42,7719,11560,icmp,76.92,Flood
2024-12-01 00:28:14,10026,10049,ftp,72.12,Flood
2024-12-01 02:09:10,2783,5196,tcp,58.29,Normal
2024-12-01 02:36:00,5211,9533,ftp,90.89,Flood
2024-12-01 01:05:25,6598,11814,udp,8.52,Flood
2024-12-01 01:58:30,10376,4078,tcp,70.02,Flood
2024-12-01 00:53:00,11310,9937,dns,12.98,Flood
2024-12-01 01:38:40,772,5788,https,43.41,Normal
2024-12-01 01:04:24,1229,8389,ftp,34.78,Flood
2024-12-01 02:28:30,6982,8131,tcp,43.92,Flood
2024-12-01 01:05:12,10513,7632,ftp,16.15,Flood
2024-12-01 00:32:48,8648,10757,icmp,61.98,Flood
2024-12-01 02:42:15,8917,8021,http,44.12,Flood
2024-12-01 02:10:02,9807,4497,icmp,85.32,Flood
2024-12-01 02:30:18,1519,4669,http,25.14,Normal
2024-12-01 01:24:00,9436,10099,ftp,38.52,Flood
2024-12-01 00:05:38,8198,5425,udp,49.27,Flood
2024-12-01 01:05:10,4332,5676,icmp,88.15,Normal
2024-12-01 02:08:15,4626,9206,tcp,52.15,Flood
2024-12-01 00:37:16,1502,4054,ftp,41.24,Normal
2024-12-01 01:43:48,4037,11414,http,64.94,Flood
2024-12-01 01:32:48,7442,382,tcp,30.13,Normal
2024-12-01 01:15:50,11434,4086,icmp,66.73,Flood
2024-12-01 01:10:24,7853,9168,https,35.03,Flood
2024-12-01 02:21:36,9117,5519,icmp,70.58,Flood
2024-12-01 00:53:24,5123,4218,udp,12.94,Normal
2024-12-01 00:38:47,5269,2058,ftp,54.05,Normal
2024-12-01 02:27:00,11407,3133,udp,22.42,Flood
2024-12-01 01:33:31,4630,11971,https,97.68,Flood
2024-12-01 01:43:08,9877,4736,tcp,83.43,Flood
2024-12-01 00:57:57,3827,6012,udp,30.92,Normal
2024-12-01 02:21:04,8851,2173,icmp,5.51,Flood
2024-12-01 00:12:20,9166,4886,ftp,94.46,Flood
2024-12-01 02:07:06,8142,1780,dns,2.21,Flood
2024-12-01 00:59:13,7790,7943,http,34.73,Normal
2024-12-01 00:12:32,4236,7927,tcp,82.39,Normal
2024-12-01 01:21:54,8156,1313,https,63.32,Flood
2024-12-01 00:12:40,2585,2544,dns,56.72,Normal
2024-12-01 01:03:40,1495,4166,tcp,56.25,Normal
2024-12-01 01:26:24,10033,9866,dns,62.22,Flood
2024-12-01 02:40:50,8661,6332,http,90.94,Flood
2024-12-01 01:04:40,9742,7125,icmp,57.29,Flood
2024-12-01 00:13:00,10088,1725,dns,21.57,Flood
2024-12-01 00:45:44,4435,10920,tcp,16.55,Flood
2024-12-01 00:39:24,9143,1329,udp,1.26,Flood
2024-12-01 01:35:42,11394,9829,http,29.83,Flood
2024-12-01 00:49:45,4820,11682,icmp,70.6,Flood
2024-12-01 01:40:00,1266,11362,udp,92.47,Flood
2024-12-01 02:50:51,10340,9763,ftp,80.59,Flood
2024-12-01 00:43:46,7065,1980,https,23.26,Normal
2024-12-01 00:33:50,4452,2430,tcp,6.9,Normal
2024-12-01 02:53:24,5139,9849,ftp,82.6,Flood
2024-12-01 03:21:35,4828,7295,tcp,47.4,Normal
2024-12-01 01:08:40,11564,6694,icmp,50.55,Flood
2024-12-01 01:50:24,7272,1417,https,4.95,Normal
2024-12-01 01:37:04,5380,9991,icmp,3.56,Flood
2024-12-01 00:52:15,11147,9524,https,95.13,Flood
2024-12-01 02:51:30,11114,4515,https,4.98,Flood
2024-12-01 02:52:19,2970,7808,https,65.5,Normal
2024-12-01 03:28:28,4657,3073,https,44.15,Normal
2024-12-01 03:08:09,8156,1594,http,35.45,Flood
2024-12-01 01:18:28,5360,11079,tcp,85.92,Flood
2024-12-01 01:18:50,6844,11465,http,29.53,Flood
2024-12-01 01:33:36,9112,701,http,9.72,Flood
2024-12-01 01:01:29,5396,1999,dns,41.01,Normal
2024-12-01 01:59:54,118,10875,dns,54.72,Flood
2024-12-01 01:38:33,988,3173,https,36.82,Normal
2024-12-01 02:59:40,8267,10346,http,76.24,Flood
2024-12-01 00:51:34,4475,9098,udp,92.84,Flood
2024-12-01 01:47:18,11540,8041,tcp,3.86,Flood
2024-12-01 02:32:23,10075,4020,ftp,16.68,Flood
2024-12-01 02:14:24,324,9148,http,10.23,Flood
2024-12-01 03:22:30,1958,7660,tcp,65.12,Normal
2024-12-01 00:37:40,8265,11840,icmp,51.38,Flood
2024-12-01 01:08:06,6907,8005,http,25.13,Flood
2024-12-01 02:16:48,2469,6384,udp,92.26,Normal
2024-12-01 02:05:57,2336,1243,icmp,77.49,Normal
2024-12-01 03:30:50,6898,5668,dns,51.27,Normal
2024-12-01 03:24:03,142,4734,ftp,30.56,Normal
2024-12-01 02:26:56,9601,10912,http,86.66,Flood
2024-12-01 01:52:37,8924,8035,icmp,33.91,Flood
2024-12-01 03:11:06,9003,6280,http,93.35,Flood
2024-12-01 03:39:20,3190,11527,udp,57.61,Flood
2024-12-01 00:59:00,6830,815,icmp,74.73,Normal
2024-12-01 03:01:42,6346,6425,ftp,79.45,Normal
2024-12-01 02:46:36,2592,8215,tcp,13.5,Flood
2024-12-01 02:31:22,5539,1744,dns,84.66,Normal
2024-12-01 00:28:00,8717,7586,tcp,72.52,Flood
2024-12-01 01:48:27,10827,2629,tcp,47.48,Flood
2024-12-01 01:08:34,5646,10311,ftp,40.35,Flood
2024-12-01 00:24:18,5483,11148,dns,53.83,Flood
2024-12-01 01:25:24,10369,11875,dns,49.31,Flood
2024-12-01 02:22:55,688,10216,tcp,24.24,Flood
2024-12-01 03:00:24,4808,3827,ftp,9.95,Normal
2024-12-01 00:28:49,10483,11632,dns,10.95,Flood
2024-12-01 00:45:28,11470,5006,tcp,5.55,Flood
2024-12-01 03:31:39,1019,4906,icmp,38.11,Normal
2024-12-02 00:00:00,2254,10955,http,10.82,Flood
2024-12-02 00:00:51,1971,9165,udp,38.9,Flood
2024-12-02 00:00:04,4828,1999,ftp,12.27,Normal
2024-12-02 00:00:42,5462,5619,ftp,50.66,Normal
2024-12-02 00:00:12,11596,2475,tcp,22.28,Flood
2024-12-02 00:01:50,6268,11759,tcp,71.05,Flood
2024-12-02 00:05:48,9527,5542,udp,67.11,Flood
2024-12-02 00:04:40,3741,802,tcp,28.86,Normal
2024-12-02 00:01:52,5447,9060,https,49.13,Flood
2024-12-02 00:07:48,2694,3282,tcp,85.52,Normal
2024-12-02 00:07:20,6497,8394,https,44.89,Flood
2024-12-02 00:04:13,9671,10030,https,98.96,Flood
2024-12-02 00:03:00,5052,10207,https,45.77,Flood
2024-12-02 00:00:39,3352,11749,icmp,37.66,Flood
2024-12-02 00:10:30,1368,3847,udp,54.52,Normal
2024-12-02 00:07:30,6708,3436,ftp,92.24,Normal
2024-12-02 00:09:36,2585,10514,http,85.38,Flood
2024-12-02 00:12:45,9344,7470,dns,46.97,Flood
2024-12-02 00:16:48,7184,4943,tcp,8.03,Normal
2024-12-02 00:06:20,7282,5381,dns,60.69,Normal
2024-12-02 00:13:20,3190,968,https,46.39,Normal
2024-12-02 00:10:09,9292,6568,icmp,81.93,Flood
2024-12-02 00:05:08,5433,3274,tcp,50.62,Normal
2024-12-02 00:23:00,11743,3827,dns,78.66,Flood
2024-12-02 00:12:24,4056,10180,tcp,73.54,Flood
2024-12-02 00:23:20,10220,11902,http,54.07,Flood
2024-12-02 00:20:22,9873,821,udp,18.06,Flood
2024-12-02 00:24:45,757,9487,dns,61.08,Flood
2024-12-02 00:14:56,5024,2432,icmp,39.44,Normal
2024-12-02 00:13:32,10609,5009,tcp,86.74,Flood
2024-12-02 00:09:00,9774,840,udp,29.15,Flood
2024-12-02 00:05:41,9625,4708,tcp,46.7,Flood
2024-12-02 00:22:24,2196,1509,ftp,75.58,Normal
2024-12-02 00:14:51,1763,10976,ftp,78.62,Flood
2024-12-02 00:31:44,4131,8534,ftp,69.3,Flood
2024-12-02 00:02:55,6851,4301,dns,10.05,Normal
2024-12-02 00:19:12,9864,3462,dns,72.41,Flood
2024-12-02 00:15:25,428,2699,dns,7.42,Normal
2024-12-02 00:12:40,5863,5893,http,29.36,Normal
2024-12-02 00:23:24,4157,11276,tcp,76.35,Flood
2024-12-02 00:39:20,1531,1299,tcp,24.34,Normal
2024-12-02 00:31:26,9596,2902,udp,40.98,Flood
2024-12-02 00:09:48,9684,4634,dns,32.19,Flood
2024-12-02 00:37:16,648,9202,ftp,56.58,Flood
2024-12-02 00:25:40,7656,11854,icmp,51.84,Flood
2024-12-02 00:18:45,1834,7072,http,94.43,Normal
2024-12-02 00:42:10,1103,319,tcp,76.21,Normal
2024-12-02 00:05:29,1226,9006,icmp,81.07,Flood
2024-12-02 00:36:00,11102,6198,ftp,56.27,Flood
2024-12-02 00:26:08,6278,5982,tcp,48.44,Normal
2024-12-02 00:12:30,1271,5681,ftp,17.71,Normal
2024-12-02 00:13:36,3688,10892,tcp,59.53,Flood
2024-12-02 00:42:28,3856,7731,udp,74.43,Normal
2024-12-02 00:21:12,5704,1185,udp,21.79,Normal
2024-12-02 00:27:00,8670,7421,udp,70.56,Flood
2024-12-02 00:49:30,11519,7782,icmp,43.46,Flood
2024-12-02 00:24:16,4408,5772,icmp,67.86,Normal
2024-12-02 00:38:57,8125,9938,ftp,92.45,Flood
2024-12-02 00:52:12,5451,4407,dns,73.78,Normal
2024-12-02 00:52:07,6557,6852,dns,58.8,Normal
2024-12-02 00:35:00,2849,8951,dns,27.71,Flood
2024-12-02 00:43:43,8968,3269,dns,36.12,Flood
2024-12-02 00:12:24,11904,7171,icmp,49.77,Flood
2024-12-02 00:43:03,8207,11498,dns,50.68,Flood
2024-12-02 00:06:24,2483,6578,https,94.14,Normal
2024-12-02 00:36:50,3116,8745,tcp,29.95,Flood
2024-12-02 00:15:24,4072,4849,tcp,44.04,Normal
2024-12-02 00:10:03,2523,8495,https,11.95,Flood
2024-12-02 00:29:28,6145,7422,dns,5.12,Normal
2024-12-02 00:32:12,5152,6506,tcp,46.67,Normal
2024-12-02 00:37:20,7827,3387,icmp,25.91,Normal
2024-12-02 00:14:12,10116,2649,ftp,99.06,Flood
2024-12-02 00:30:00,1567,9082,http,68.25,Flood
2024-12-02 00:45:01,4387,9636,ftp,10.72,Flood
2024-12-02 00:59:12,5485,6835,http,45.47,Normal
2024-12-02 00:20:00,8217,1325,icmp,67.05,Flood
2024-12-02 01:14:44,4591,1442,http,85.57,Normal
2024-12-02 00:59:02,5598,5484,http,32.14,Normal
2024-12-02 00:50:42,10425,5265,http,97.53,Flood
2024-12-02 00:32:55,335,6908,dns,58.7,Normal
2024-12-02 00:12:00,8816,10574,ftp,17.79,Flood
2024-12-02 01:02:06,5846,2223,dns,36.98,Normal
2024-12-02 01:16:32,11900,209,udp,1.51,Flood
2024-12-02 00:59:29,9512,3182,dns,22.49,Flood
2024-12-02 01:11:24,2660,1580,https,14.65,Normal
2024-12-02 01:22:10,7935,5069,ftp,51.31,Normal
2024-12-02 00:04:18,1199,7372,ftp,11.53,Normal
2024-12-02 00:04:21,996,3696,tcp,87.38,Normal
2024-12-02 01:17:44,3168,7516,dns,27.8,Normal
2024-12-02 00:51:55,11175,1730,udp,81.44,Flood
2024-12-02 00:45:00,370,10449,dns,77.43,Flood
2024-12-02 01:09:46,8096,8996,https,51.53,Flood
2024-12-02 01:01:20,11188,6767,ftp,69.47,Flood
2024-12-02 00:09:18,4837,2729,udp,23.2,Normal
2024-12-02 00:31:20,5513,1120,udp,64.52,Normal
2024-12-02 00:31:40,8921,1884,udp,49.25,Flood
2024-12-02 00:27:12,1367,1782,udp,80.4,Normal
2024-12-02 01:01:26,104,783,icmp,16.13,Normal
2024-12-02 00:08:10,5083,1129,ftp,46.61,Normal
2024-12-02 00:44:33,451,417,http,61.82,Normal
2024-12-02 00:21:40,6775,4894,tcp,28.89,Normal
2024-12-02 00:15:09,4187,8100,tcp,80.69,Flood
2024-12-02 01:28:24,10488,1212,icmp,7.36,Flood
2024-12-02 00:08:35,968,4730,http,69.51,Normal
2024-12-02 00:31:12,7811,9737,icmp,34.14,Flood
2024-12-02 01:45:00,9410,710,https,43.6,Flood
2024-12-02 01:01:50,7083,9203,udp,69.35,Flood
2024-12-02 00:01:47,4742,4524,icmp,10.24,Normal
2024-12-02 01:42:36,9984,7081,http,21.62,Flood
2024-12-02 00:45:25,1835,3166,dns,53.49,Normal
2024-12-02 00:49:30,6676,2264,https,94.56,Normal
2024-12-02 01:21:24,2124,11709,https,40.98,Flood
2024-12-02 00:14:56,5640,905,udp,98.99,Normal
2024-12-02 00:30:08,3213,4782,http,61.4,Normal
2024-12-02 01:04:36,3640,9694,dns,70.03,Flood
2024-12-02 00:32:35,4049,9854,udp,50.67,Flood
2024-12-02 01:23:08,6475,8880,icmp,91.08,Flood
2024-12-02 00:25:21,5476,1454,icmp,48.17,Normal
2024-12-02 01:46:12,3124,5724,tcp,44.47,Normal
2024-12-02 00:31:44,8416,6320,icmp,97.58,Flood
2024-12-02 01:08:00,8173,3629,https,48.31,Flood
2024-12-02 00:42:21,964,4196,udp,99.24,Normal
2024-12-02 00:24:24,1408,7904,https,85.86,Normal
2024-12-02 02:03:00,9857,11919,icmp,93.41,Flood
2024-12-02 01:30:56,5092,2057,tcp,80.19,Normal
2024-12-02 00:41:40,8923,7342,https,90.8,Flood
2024-12-02 01:53:24,8828,10088,ftp,22.38,Flood
2024-12-02 01:18:19,10411,228,udp,47.87,Flood
2024-12-02 01:27:28,139,3549,icmp,41.96,Normal
2024-12-02 02:09:00,8809,1783,udp,21.33,Flood
2024-12-02 00:15:10,11118,1247,udp,28.45,Flood
2024-12-02 01:51:21,3907,10116,udp,44.53,Flood
2024-12-02 00:46:12,1617,3693,ftp,65.88,Normal
2024-12-02 00:37:41,8281,9574,dns,27.0,Flood
2024-12-02 01:38:16,10799,179,http,51.72,Flood
2024-12-02 01:41:15,5896,8272,https,30.2,Flood
2024-12-02 00:58:56,8317,11111,icmp,12.68,Flood
2024-12-02 00:25:07,5094,2801,dns,70.61,Normal
2024-12-02 01:25:06,6348,7942,dns,58.52,Normal
2024-12-02 01:39:37,2065,4704,http,56.8,Normal
2024-12-02 02:08:20,1118,11777,tcp,58.75,Flood
2024-12-02 00:49:21,10418,2037,https,51.8,Flood
2024-12-02 00:35:30,2013,7841,icmp,46.75,Normal
2024-12-02 02:20:37,3944,9292,udp,64.07,Flood
2024-12-02 01:26:24,813,11271,icmp,30.17,Flood
2024-12-02 00:48:20,4779,9404,dns,25.43,Flood
2024-12-02 00:04:52,7342,8927,ftp,15.49,Flood
2024-12-02 01:30:39,960,3142,http,94.49,Normal
2024-12-02 01:36:12,2943,6075,dns,89.79,Normal
2024-12-02 01:41:49,4774,1255,https,61.89,Normal
2024-12-02 02:17:30,5494,2404,icmp,64.37,Normal
2024-12-02 00:32:43,11304,4248,https,22.77,Flood
2024-12-02 00:20:16,8553,8758,tcp,76.02,Flood
2024-12-02 00:20:24,5538,6159,ftp,71.66,Normal
2024-12-02 02:08:20,5848,5629,tcp,17.43,Normal
2024-12-02 00:05:10,6404,5432,icmp,14.51,Normal
2024-12-02 01:41:24,9812,5257,https,22.89,Flood
2024-12-02 01:10:39,3674,8329,ftp,73.58,Flood
2024-12-02 02:16:56,7627,4543,icmp,23.55,Normal
2024-12-02 00:05:18,1070,8970,https,81.41,Flood
2024-12-02 01:09:20,271,3406,dns,16.13,Normal
2024-12-02 00:45:37,10192,1225,http,92.56,Flood
2024-12-02 01:07:30,2517,1757,http,30.18,Normal
2024-12-02 00:16:18,8599,7986,tcp,71.41,Flood
2024-12-02 01:30:12,4098,2790,http,69.54,Normal
2024-12-02 02:39:30,10188,5615,dns,7.39,Flood
2024-12-02 02:23:52,1486,6775,https,33.72,Normal
2024-12-02 00:19:29,5222,113,tcp,13.59,Normal
2024-12-02 02:17:12,1746,11812,icmp,66.78,Flood
2024-12-02 00:28:10,9170,1555,dns,27.9,Flood
2024-12-02 00:53:50,4207,3993,https,45.4,Normal
2024-12-02 02:19:39,149,456,tcp,5.96,Normal
2024-12-02 00:48:44,6668,9747,dns,84.48,Flood
2024-12-02 01:09:12,1379,3047,udp,59.43,Normal
2024-12-02 01:32:48,11593,5907,https,26.98,Flood
2024-12-02 01:30:25,9749,6238,ftp,55.28,Flood
2024-12-02 01:51:28,10206,7013,http,13.72,Flood
2024-12-02 01:13:45,4454,7064,udp,82.97,Normal
2024-12-02 00:23:44,7139,1751,dns,75.85,Normal
2024-12-02 01:59:20,10699,8704,tcp,36.2,Flood
2024-12-02 01:27:00,6432,2650,http,58.14,Normal
2024-12-02 00:06:02,9958,9169,https,48.71,Flood
2024-12-02 01:58:18,11561,7812,http,25.79,Flood
2024-12-02 00:48:48,11916,1109,udp,54.78,Flood
2024-12-02 01:28:56,9808,1120,https,69.55,Flood
2024-12-02 01:01:40,8171,7889,dns,33.12,Flood
2024-12-02 01:29:54,8960,6799,ftp,39.23,Flood
2024-12-02 02:38:57,1220,5518,https,70.81,Normal
2024-12-02 01:30:52,9628,338,dns,90.73,Flood
2024-12-02 00:40:57,3940,2498,udp,48.06,Normal
2024-12-02 00:06:20,11878,2843,http,5.53,Flood
2024-12-02 03:04:38,6467,521,dns,86.39,Normal
2024-12-02 01:45:36,4945,2146,https,74.31,Normal
2024-12-02 02:15:06,9670,2695,dns,62.26,Flood
2024-12-02 02:12:34,10509,11393,tcp,94.88,Flood
2024-12-02 00:26:00,5146,2330,dns,25.83,Normal
2024-12-02 00:19:36,1989,194,ftp,36.09,Normal
2024-12-02 01:28:39,6646,2301,dns,18.42,Normal
2024-12-02 02:45:00,6904,9135,dns,22.24,Flood
2024-12-02 01:52:46,10547,9802,ftp,63.85,Flood
2024-12-02 00:30:00,9765,11485,tcp,97.48,Flood
2024-12-02 03:21:00,1385,8289,dns,78.93,Flood
2024-12-02 01:10:42,5157,5358,ftp,51.21,Normal
2024-12-02 03:02:42,7766,1417,udp,61.57,Normal
2024-12-02 01:48:48,1586,9137,http,94.37,Flood
2024-12-02 01:35:40,9642,10610,icmp,81.13,Flood
2024-12-02 01:18:58,3984,2600,udp,11.09,Normal
2024-12-02 02:28:21,4552,2609,icmp,86.54,Normal
2024-12-02 01:57:52,4211,847,ftp,91.41,Normal
2024-12-02 00:17:25,9342,9102,udp,24.46,Flood
2024-12-02 03:16:00,2091,6630,ftp,6.17,Normal
2024-12-02 02:27:42,1650,10844,ftp,34.17,Flood
2024-12-02 02:03:40,7977,7199,http,51.73,Normal
2024-12-02 01:46:30,7677,8639,icmp,90.54,Flood
2024-12-02 01:07:46,4155,8968,icmp,98.23,Flood
2024-12-02 03:02:45,4896,3828,https,33.31,Normal
2024-12-02 03:21:36,794,4845,tcp,74.42,Normal
2024-12-02 03:22:32,5172,8517,udp,49.48,Flood
2024-12-02 00:25:26,5989,8071,tcp,81.91,Flood
2024-12-02 02:40:36,8321,5232,ftp,89.88,Flood
2024-12-02 02:56:00,4832,4393,http,28.1,Normal
2024-12-02 03:00:29,230,5590,icmp,21.88,Normal
2024-12-02 01:47:18,5347,1187,tcp,18.53,Normal
2024-12-02 01:10:37,312,2968,icmp,26.32,Normal
2024-12-02 02:44:16,6981,8582,https,13.95,Flood
2024-12-02 03:41:15,10828,9224,udp,56.24,Flood
2024-12-02 02:23:08,476,2149,udp,52.79,Normal
2024-12-02 02:42:41,1846,11909,https,76.67,Flood
2024-12-02 02:43:24,7851,7733,tcp,40.89,Normal
2024-12-02 01:04:53,9254,11398,tcp,65.59,Flood
2024-12-02 01:24:20,606,4013,ftp,36.62,Normal
2024-12-02 00:07:42,7845,672,http,28.25,Normal
2024-12-02 01:25:04,4772,7402,http,48.0,Normal
2024-12-02 00:54:22,9625,11693,ftp,95.43,Flood
2024-12-02 00:58:30,8715,1828,https,94.42,Flood
2024-12-02 01:57:30,6110,6428,https,30.1,Normal
2024-12-02 00:27:32,2310,9080,tcp,34.3,Flood
2024-12-02 01:30:51,8530,4617,icmp,39.08,Flood
2024-12-02 01:39:10,9860,410,https,49.38,Flood
2024-12-02 03:23:09,5572,4699,https,51.16,Normal
2024-12-02 01:00:00,4198,9754,ftp,7.59,Flood
2024-12-02 03:48:57,11334,1525,tcp,93.7,Flood
2024-12-02 03:49:54,6407,5388,icmp,73.09,Normal
2024-12-02 03:26:33,691,11867,udp,55.45,Flood
2024-12-02 01:49:48,11433,11907,https,92.26,Flood
2024-12-02 01:25:45,3673,5599,https,23.71,Normal
2024-12-02 00:28:42,2748,3406,icmp,82.28,Normal
2024-12-02 01:09:59,8827,2621,icmp,75.93,Flood
2024-12-02 03:18:24,5363,1103,https,24.64,Normal
2024-12-02 01:06:24,1771,1293,ftp,86.86,Normal
2024-12-02 02:00:50,6182,3032,http,45.41,Normal
2024-12-02 03:54:16,2061,11170,dns,59.67,Flood
2024-12-02 00:25:12,3819,6317,ftp,3.58,Normal
2024-12-02 00:25:18,6548,9422,tcp,45.66,Flood
2024-12-02 04:09:46,7120,950,https,68.88,Normal
2024-12-02 02:03:15,5276,9827,icmp,31.58,Flood
2024-12-02 03:33:20,3861,10985,https,78.4,Flood
2024-12-02 00:47:07,6035,5110,http,24.63,Normal
2024-12-02 03:43:36,6174,11573,udp,77.49,Flood
2024-12-02 03:31:31,6302,7766,icmp,43.39,Normal
2024-12-02 00:08:40,9415,10475,tcp,29.47,Flood
2024-12-02 03:07:03,4600,8051,udp,1.65,Flood
2024-12-02 02:02:16,5996,10100,dns,21.29,Flood
2024-12-02 03:34:47,3359,3586,icmp,37.02,Normal
2024-12-02 01:58:48,1870,10303,icmp,19.41,Flood
2024-12-02 02:39:00,4646,8961,https,45.33,Flood
2024-12-02 01:41:58,10198,7093,http,56.11,Flood
2024-12-02 03:51:24,968,3458,ftp,74.05,Normal
2024-12-02 00:53:36,10062,4945,https,67.94,Flood
2024-12-02 03:17:16,2097,3799,tcp,42.22,Normal
2024-12-02 03:36:00,2621,1629,dns,9.0,Normal
2024-12-02 01:25:49,3676,236,tcp,39.84,Normal
2024-12-02 04:27:28,1969,3005,https,29.61,Normal
2024-12-02 01:31:00,4593,5259,ftp,22.54,Normal
2024-12-02 00:04:34,4752,8993,dns,59.8,Flood
2024-12-02 03:40:00,7281,222,udp,54.25,Normal
2024-12-02 00:50:36,10901,10787,udp,99.02,Flood
2024-12-02 03:41:36,10747,421,http,94.84,Flood
2024-12-02 04:33:22,11433,11453,tcp,9.46,Flood
2024-12-02 04:39:00,3079,11149,ftp,33.84,Flood
2024-12-02 02:38:40,2656,5141,udp,10.18,Normal
2024-12-02 01:52:24,8540,5263,tcp,8.03,Flood
2024-12-02 02:25:42,1317,5448,udp,18.56,Normal
2024-12-02 03:22:49,11031,7888,http,87.21,Flood
2024-12-02 01:25:12,369,5430,https,84.3,Normal
2024-12-02 01:11:15,8980,5387,dns,63.28,Flood
2024-12-02 02:18:14,1890,10872,ftp,5.84,Flood
2024-12-02 03:30:28,5361,11801,http,72.42,Flood
2024-12-02 04:33:36,11453,8285,http,75.89,Flood
2024-12-02 00:14:27,8855,11351,http,27.52,Flood
2024-12-02 03:27:50,11403,8159,udp,62.6,Flood
2024-12-02 02:40:03,4292,2586,http,7.31,Normal
2024-12-02 02:01:40,5636,3754,icmp,21.53,Normal
2024-12-02 02:02:05,7791,10982,dns,35.33,Flood
2024-12-02 00:49:00,1647,10789,tcp,57.1,Flood
2024-12-02 00:29:30,3547,751,dns,94.48,Normal
2024-12-02 02:47:44,4864,8482,http,5.12,Flood
2024-12-02 04:02:33,7027,7685,icmp,48.75,Normal
2024-12-02 02:53:50,6074,8451,icmp,43.79,Flood
2024-12-02 02:44:27,10994,3870,http,82.67,Flood
2024-12-02 04:30:00,9992,6799,https,82.1,Flood
2024-12-02 01:00:12,7232,7142,icmp,78.36,Normal
2024-12-02 02:51:08,10404,4369,ftp,48.5,Flood
2024-12-02 04:52:54,11806,9612,tcp,74.03,Flood
2024-12-02 02:16:48,4950,2401,tcp,26.98,Normal
2024-12-02 00:25:25,2766,4952,ftp,16.4,Normal
2024-12-02 02:27:54,754,2393,dns,85.56,Normal
2024-12-02 03:50:15,1529,1688,https,99.54,Normal
2024-12-02 03:35:36,8363,6932,https,72.55,Flood
2024-12-02 01:32:42,4274,5862,https,5.65,Normal
2024-12-02 00:51:40,9824,7809,tcp,68.68,Flood
2024-12-02 04:13:59,8566,2553,dns,72.33,Flood
2024-12-02 00:20:48,7618,2078,ftp,85.93,Normal
2024-12-02 04:26:03,9357,1978,dns,86.55,Flood
2024-12-02 01:18:30,4238,5217,icmp,87.39,Normal
2024-12-02 04:01:30,4388,3526,icmp,57.17,Normal
2024-12-02 02:06:24,1966,1102,tcp,88.97,Normal
2024-12-02 02:17:22,1346,6326,http,15.95,Normal
2024-12-02 04:09:06,2994,11233,icmp,85.79,Flood
2024-12-02 02:18:14,8999,2629,ftp,24.19,Flood
2024-12-02 03:44:00,7212,7443,https,8.1,Normal
2024-12-02 04:59:36,635,9127,tcp,63.97,Flood
2024-12-02 03:45:24,5038,11806,http,61.15,Flood
2024-12-02 04:02:15,5230,7839,tcp,84.58,Normal
2024-12-02 01:04:48,4114,1395,icmp,44.07,Normal
2024-12-02 05:03:20,6710,5141,http,93.66,Normal
2024-12-02 02:48:26,6676,6897,dns,8.4,Normal
2024-12-02 03:05:18,8361,6395,udp,5.0,Flood
2024-12-02 02:44:00,4533,6030,https,52.14,Normal
2024-12-02 04:39:39,628,7918,dns,81.02,Normal
2024-12-02 03:29:00,6428,10940,https,69.04,Flood
2024-12-02 00:22:04,2688,7153,http,39.22,Normal
2024-12-02 05:15:24,9952,6501,ftp,69.03,Flood
2024-12-02 00:22:12,7094,3271,https,61.59,Normal
2024-12-02 00:44:32,7376,5959,udp,68.76,Normal
2024-12-02 03:15:25,2434,8861,icmp,34.51,Flood
2024-12-02 03:44:00,9338,3237,dns,38.91,Flood
2024-12-02 00:39:19,1264,3690,https,19.34,Normal
2024-12-02 04:58:34,225,4195,udp,45.71,Normal
2024-12-02 03:57:18,10620,251,http,94.63,Flood
2024-12-02 05:40:00,879,11263,dns,27.49,Flood
2024-12-02 00:11:22,6752,11305,http,99.49,Flood
2024-12-02 02:16:48,5526,2656,udp,11.75,Normal
2024-12-02 02:34:21,552,3344,http,94.6,Normal
2024-12-02 02:57:44,5669,11682,http,67.01,Flood
2024-12-02 04:41:45,9599,3522,udp,3.44,Flood
2024-12-02 00:34:36,8634,863,udp,7.77,Flood
2024-12-02 02:07:14,2603,10602,icmp,85.14,Flood
2024-12-02 04:32:36,7590,4893,udp,34.67,Normal
2024-12-02 01:27:15,6005,4054,dns,25.51,Normal
2024-12-03 00:00:00,1879,8539,tcp,13.64,Flood
2024-12-03 00:00:53,8523,414,udp,83.35,Flood
2024-12-03 00:01:22,2411,10717,dns,60.67,Flood
2024-12-03 00:01:39,3088,8721,http,6.38,Flood
2024-12-03 00:00:32,6102,7968,http,41.85,Normal
2024-12-03 00:03:25,3323,2602,https,86.78,Normal
2024-12-03 00:03:54,5723,10696,https,62.48,Flood
2024-12-03 00:01:03,2699,9182,ftp,83.71,Flood
2024-12-03 00:04:56,5033,2786,https,19.97,Normal
2024-12-03 00:01:12,10604,7501,udp,1.16,Flood
2024-12-03 00:06:30,1005,3731,udp,26.44,Normal
2024-12-03 00:09:21,3556,7675,ftp,65.62,Normal
2024-12-03 00:07:24,3935,583,https,85.19,Normal
2024-12-03 00:08:01,1520,4792,dns,91.03,Normal
2024-12-03 00:06:04,9045,1214,ftp,63.03,Flood
2024-12-03 00:08:15,8792,4258,ftp,66.49,Flood
2024-12-03 00:10:40,10237,9000,icmp,95.15,Flood
2024-12-03 00:11:37,8914,8222,https,75.9,Flood
2024-12-03 00:01:30,11586,10152,icmp,92.54,Flood
2024-12-03 00:05:42,3829,8349,udp,40.46,Flood
2024-12-03 00:12:20,924,7671,https,21.31,Normal
2024-12-03 00:12:15,3659,10413,ftp,44.73,Flood
2024-12-03 00:19:48,559,5408,icmp,8.04,Normal
2024-12-03 00:03:50,255,5993,https,50.02,Normal
2024-12-03 00:20:00,4610,11026,ftp,90.81,Flood
2024-12-03 00:11:40,9788,10182,udp,96.61,Flood
2024-12-03 00:10:24,292,3048,ftp,75.01,Normal
2024-12-03 00:19:21,1686,3363,icmp,32.14,Normal
2024-12-03 00:19:36,9244,2249,ftp,38.91,Flood
2024-12-03 00:25:08,7327,9755,https,3.19,Flood
2024-12-03 00:03:30,4778,2687,https,62.68,Normal
2024-12-03 00:09:18,7104,3944,icmp,95.64,Normal
2024-12-03 00:23:28,10759,8110,tcp,33.64,Flood
2024-12-03 00:08:15,9373,322,icmp,46.21,Flood
2024-12-03 00:09:04,4956,2230,ftp,91.02,Normal
2024-12-03 00:19:50,8079,1226,https,36.07,Flood
2024-12-03 00:05:24,9308,4314,dns,20.1,Flood
2024-12-03 00:06:10,10777,4558,dns,47.62,Flood
2024-12-03 00:36:44,3506,1792,tcp,65.36,Normal
2024-12-03 00:02:36,5620,5644,tcp,71.46,Normal
2024-12-03 00:04:40,10009,3700,https,84.0,Flood
2024-12-03 00:25:58,4087,3217,udp,49.81,Normal
2024-12-03 00:14:00,8914,1354,https,18.49,Flood
2024-12-03 00:05:44,7036,9704,ftp,4.14,Flood
2024-12-03 00:08:04,7486,6683,ftp,30.9,Normal
2024-12-03 00:33:00,8029,284,http,67.07,Flood
2024-12-03 00:39:06,3558,9631,ftp,39.9,Flood
2024-12-03 00:40:44,8979,11003,https,80.92,Flood
2024-12-03 00:00:48,7810,8055,dns,71.62,Flood
2024-12-03 00:42:28,11516,3109,dns,21.36,Flood
2024-12-03 00:04:10,5123,1324,dns,16.25,Normal
2024-12-03 00:32:18,1139,1508,icmp,57.55,Normal
2024-12-03 00:04:20,9808,11381,https,49.42,Flood
2024-12-03 00:37:06,8873,9179,dns,21.26,Flood
2024-12-03 00:36:54,3063,722,ftp,23.17,Normal
2024-12-03 00:33:55,9027,11090,icmp,21.39,Flood
2024-12-03 00:21:28,6707,4392,icmp,6.62,Normal
2024-12-03 00:28:30,3390,8524,udp,31.36,Flood
2024-12-03 00:48:20,2892,8908,https,73.31,Flood
2024-12-03 00:09:50,10249,8481,udp,1.23,Flood
2024-12-03 00:49:00,788,10959,icmp,54.55,Flood
2024-12-03 00:49:49,9068,8517,tcp,78.78,Flood
2024-12-03 00:20:40,4760,3572,tcp,23.26,Normal
2024-12-03 00:10:30,1209,2074,tcp,80.82,Normal
2024-12-03 01:04:00,11615,9353,dns,41.75,Flood
2024-12-03 00:37:55,11527,10777,udp,45.6,Flood
2024-12-03 00:04:24,7716,787,http,41.41,Normal
2024-12-03 00:51:22,1313,4061,dns,9.93,Normal
2024-12-03 00:47:36,7085,7651,http,43.43,Normal
2024-12-03 00:57:30,4348,9829,dns,30.18,Flood
2024-12-03 00:15:10,4609,9167,dns,3.14,Flood
2024-12-03 00:44:58,1804,4620,https,3.0,Normal
2024-12-03 00:51:36,5187,9509,tcp,7.98,Flood
2024-12-03 00:06:05,11070,10163,http,8.12,Flood
2024-12-03 00:54:16,428,2720,tcp,38.04,Normal
2024-12-03 01:08:45,7386,11945,udp,64.48,Flood
2024-12-03 00:41:48,6340,7158,dns,61.53,Normal
2024-12-03 00:11:33,2042,8251,icmp,42.41,Flood
2024-12-03 01:07:36,10139,3102,icmp,28.79,Flood
2024-12-03 00:15:48,5349,2355,tcp,49.37,Normal
2024-12-03 00:29:20,7548,9766,https,95.66,Flood
2024-12-03 00:37:48,7067,151,dns,50.61,Normal
2024-12-03 00:20:30,4105,573,tcp,17.3,Normal
2024-12-03 01:03:38,5943,1574,ftp,70.89,Normal
2024-12-03 00:15:24,1075,9231,icmp,57.3,Flood
2024-12-03 00:46:45,9789,3827,ftp,14.23,Flood
2024-12-03 00:58:46,7257,11383,ftp,28.3,Flood
2024-12-03 00:53:39,2184,10908,tcp,72.8,Flood
2024-12-03 00:02:56,5788,3751,tcp,14.89,Normal
2024-12-03 00:35:36,182,1581,ftp,50.84,Normal
2024-12-03 00:36:00,9605,3700,https,77.39,Flood
2024-12-03 00:04:33,9416,1062,ftp,66.31,Flood
2024-12-03 00:58:16,8973,6649,https,45.88,Flood
2024-12-03 00:35:39,10247,8742,http,61.74,Flood
2024-12-03 00:54:50,8969,4706,tcp,37.97,Flood
2024-12-03 01:33:25,475,4523,http,64.07,Normal
2024-12-03 00:33:36,8117,2373,tcp,59.05,Flood
2024-12-03 01:19:13,1092,7910,ftp,56.44,Normal
2024-12-03 00:09:48,8221,11685,ftp,62.32,Flood
2024-12-03 00:52:48,3827,11059,udp,19.72,Flood
2024-12-03 00:33:20,11886,3689,dns,15.36,Flood
2024-12-03 00:47:08,5695,2368,icmp,84.67,Normal
2024-12-03 00:11:54,7328,5989,https,46.59,Normal
2024-12-03 00:30:54,10704,5601,udp,77.46,Flood
2024-12-03 00:13:52,8492,10786,udp,21.06,Flood
2024-12-03 01:11:45,5820,9710,ftp,10.15,Flood
2024-12-03 00:33:34,5850,9624,icmp,6.37,Flood
2024-12-03 01:11:20,829,6606,tcp,67.52,Normal
2024-12-03 01:28:12,5657,3857,tcp,57.73,Normal
2024-12-03 01:09:02,501,5151,icmp,11.86,Normal
2024-12-03 01:04:10,7335,7164,ftp,42.19,Normal
2024-12-03 00:18:30,6453,11400,udp,85.02,Flood
2024-12-03 00:20:32,1748,5366,dns,84.81,Normal
2024-12-03 00:13:11,1459,4569,icmp,86.07,Normal
2024-12-03 00:47:30,9159,4498,https,9.61,Flood
2024-12-03 01:28:10,8403,9278,icmp,5.0,Flood
2024-12-03 01:15:24,6002,11196,icmp,45.53,Flood
2024-12-03 00:15:36,6540,4683,udp,48.59,Normal
2024-12-03 00:45:14,4247,8175,ftp,89.55,Flood
2024-12-03 01:39:10,841,9925,tcp,67.97,Flood
2024-12-03 01:28:00,8354,10528,dns,89.87,Flood
2024-12-03 01:22:41,7714,7456,http,28.35,Normal
2024-12-03 00:44:44,6453,2734,ftp,15.29,Normal
2024-12-03 01:05:36,2793,3484,tcp,12.26,Normal
2024-12-03 01:59:52,4676,709,udp,50.64,Normal
2024-12-03 01:37:55,5729,1972,udp,45.18,Normal
2024-12-03 01:13:30,11544,5350,tcp,90.9,Flood
2024-12-03 01:11:58,7188,6509,ftp,18.2,Normal
2024-12-03 01:53:04,1475,2740,tcp,23.95,Normal
2024-12-03 01:00:12,5815,1189,http,24.4,Normal
2024-12-03 01:24:30,10253,361,http,45.69,Flood
2024-12-03 00:26:12,6879,3259,icmp,61.69,Normal
2024-12-03 01:28:00,3827,682,https,41.19,Normal
2024-12-03 00:22:10,11465,4485,https,45.97,Flood
2024-12-03 01:29:20,3706,5885,tcp,6.1,Normal
2024-12-03 00:40:30,917,6033,https,79.12,Normal
2024-12-03 01:19:20,3164,10796,tcp,5.11,Flood
2024-12-03 01:47:19,9671,8997,dns,19.02,Flood
2024-12-03 00:23:00,2826,1145,icmp,22.88,Normal
2024-12-03 02:02:47,7465,7698,tcp,46.9,Normal
2024-12-03 00:30:20,5297,7826,tcp,90.32,Normal
2024-12-03 01:22:15,643,10540,dns,41.03,Flood
2024-12-03 00:09:28,3655,3410,udp,97.51,Normal
2024-12-03 01:52:01,7871,5299,udp,55.17,Normal
2024-12-03 01:21:36,7754,3004,icmp,8.81,Normal
2024-12-03 02:25:00,11347,9177,dns,55.16,Flood
2024-12-03 00:46:14,9003,4030,http,22.99,Flood
2024-12-03 01:40:27,6534,466,dns,57.67,Normal
2024-12-03 00:56:44,8543,4959,icmp,7.1,Flood
2024-12-03 02:09:08,4883,8167,tcp,12.9,Flood
2024-12-09 03:21:40,794,1977,tcp,54.83,Normal
2024-12-04 23:46:36,3494,4748,http,66.11,Normal
2024-12-09 15:49:31,5109,3526,tcp,57.19,Normal
2024-12-09 01:45:48,899,4316,http,73.86,Normal
2024-12-07 18:56:04,2177,9446,udp,94.76,Flood
2024-12-09 06:59:22,3880,6965,udp,92.24,Normal
2024-12-06 23:19:11,1823,2439,tcp,45.78,Normal
2024-12-05 05:00:13,1666,6862,icmp,48.97,Normal
2024-12-07 02:51:21,3466,9751,tcp,72.12,Flood
2024-12-09 03:54:27,4580,7490,icmp,88.25,Normal
2024-12-08 03:23:54,3327,3464,tcp,31.0,Normal
2024-12-08 19:51:20,1870,7347,udp,12.38,Normal
2024-12-05 10:45:43,3591,9146,tcp,48.41,Flood
2024-12-08 14:23:15,8955,8840,icmp,61.63,Flood
2024-12-07 22:14:02,9737,644,tcp,15.6,Flood
2024-12-06 14:53:10,4171,409,icmp,85.77,Normal
2024-12-06 04:20:18,4978,8059,icmp,79.57,Flood
2024-12-09 01:53:20,7080,7494,https,38.67,Normal
2024-12-04 04:21:38,242,2094,udp,68.82,Normal
2024-12-07 11:59:06,4287,5725,tcp,87.9,Normal
2024-12-06 14:02:44,7087,5228,udp,91.28,Normal
2024-12-06 16:56:08,6991,9958,icmp,12.28,Flood
2024-12-08 01:17:44,4687,4944,icmp,33.39,Normal
2024-12-06 03:36:16,4202,5188,tcp,50.27,Normal
2024-12-06 07:37:26,5650,1326,http,51.76,Normal
2024-12-09 15:04:19,5431,5029,https,22.4,Normal
2024-12-04 16:55:24,1525,2288,tcp,97.38,Normal
2024-12-09 16:46:59,3303,6537,https,30.98,Normal
2024-12-05 18:59:45,3069,4795,tcp,63.36,Normal
2024-12-06 09:07:47,3962,5458,udp,90.23,Normal
2024-12-05 23:20:59,4740,2140,icmp,80.21,Normal
2024-12-05 02:15:24,6558,7883,icmp,25.02,Normal
2024-12-07 09:40:50,635,8120,https,62.43,Flood
2024-12-08 02:06:27,1838,3685,icmp,78.04,Normal
2024-12-09 21:41:51,855,2267,https,86.28,Normal
2024-12-05 04:17:18,7827,5786,tcp,27.78,Normal
2024-12-08 08:26:59,9019,8620,http,66.89,Flood
2024-12-05 03:59:32,7215,4153,udp,48.64,Normal
2024-12-08 10:50:06,331,4310,tcp,41.03,Normal
2024-12-06 11:44:40,478,8922,icmp,35.74,Flood
2024-12-07 04:36:54,3793,436,udp,91.91,Normal
2024-12-09 15:32:07,551,6790,tcp,73.41,Normal
2024-12-09 01:31:59,8859,8121,tcp,88.83,Flood
2024-12-07 00:00:35,8290,3316,http,26.29,Flood
2024-12-09 10:27:53,2731,9407,tcp,72.28,Flood
2024-12-04 11:25:27,6748,5105,udp,63.98,Normal
2024-12-09 05:00:11,8474,2065,https,34.96,Flood
2024-12-06 04:00:46,6540,1322,tcp,11.25,Normal
2024-12-09 13:45:59,827,3417,https,73.24,Normal
2024-12-09 19:10:16,1905,3465,http,67.27,Normal
2024-12-09 15:39:19,4861,6529,http,90.75,Normal
2024-12-06 14:56:35,2751,1770,icmp,28.4,Normal
2024-12-08 12:43:33,9149,4142,udp,25.6,Flood
2024-12-05 15:17:51,4670,117,udp,88.22,Normal
2024-12-06 18:11:05,9448,2573,http,54.61,Flood
2024-12-07 07:17:27,464,1256,icmp,53.54,Normal
2024-12-06 22:50:22,9334,1002,https,25.58,Flood
2024-12-04 00:37:38,3132,5632,udp,92.73,Normal
2024-12-07 19:12:33,2812,1763,icmp,84.89,Normal
2024-12-08 06:41:17,8014,6467,icmp,89.34,Flood
2024-12-07 21:22:41,1739,2742,https,68.24,Normal
2024-12-07 14:40:45,9844,2468,https,83.27,Flood
2024-12-07 07:46:03,7272,4130,https,46.51,Normal
2024-12-08 04:36:05,4963,1192,https,82.6,Normal
2024-12-08 04:44:29,8104,2708,icmp,70.65,Flood
2024-12-08 05:50:47,1576,2969,icmp,43.3,Normal
2024-12-09 14:12:04,6179,3763,http,21.63,Normal
2024-12-04 13:53:41,3600,4474,https,45.76,Normal
2024-12-06 16:22:35,8258,6192,tcp,69.11,Flood
2024-12-05 21:29:25,5490,3940,tcp,58.1,Normal
2024-12-08 00:34:43,7359,4309,icmp,95.82,Normal
2024-12-07 20:59:19,5948,6260,tcp,29.0,Normal
2024-12-08 04:37:14,6717,5262,https,68.68,Normal
2024-12-05 07:30:44,334,2127,https,60.74,Normal
2024-12-07 02:26:10,568,7329,https,47.04,Normal
2024-12-05 18:26:30,8616,1368,tcp,47.33,Flood
2024-12-04 12:41:22,3174,4000,https,50.96,Normal
2024-12-05 02:32:19,8167,7563,https,84.71,Flood
2024-12-04 23:54:40,7675,9456,icmp,51.56,Flood
2024-12-09 16:35:31,5669,8121,https,36.52,Flood
2024-12-08 10:08:53,9493,4618,icmp,76.72,Flood
2024-12-08 15:28:46,8439,4555,icmp,71.87,Flood
2024-12-04 17:21:27,1158,201,udp,56.62,Normal
2024-12-08 06:58:12,9606,5916,icmp,33.25,Flood
2024-12-05 20:14:29,9663,184,tcp,44.09,Flood
2024-12-06 12:39:52,2972,6920,icmp,24.79,Normal
2024-12-09 08:38:23,3996,6693,icmp,40.72,Normal
2024-12-06 15:45:02,5474,2622,http,70.0,Normal
2024-12-07 21:21:17,6054,3078,https,74.71,Normal
2024-12-09 07:30:44,2717,8135,udp,90.55,Flood
2024-12-05 08:26:09,1244,5463,icmp,35.2,Normal
2024-12-04 07:20:40,8944,9438,http,70.01,Flood
2024-12-06 12:31:59,2720,559,icmp,26.99,Normal
2024-12-08 19:34:45,6513,9007,tcp,44.39,Flood
2024-12-05 21:49:35,1123,3999,http,45.12,Normal
2024-12-08 10:36:58,6896,7478,udp,61.44,Normal
2024-12-07 06:21:07,3164,350,tcp,89.25,Normal
2024-12-09 07:02:23,2269,2056,tcp,97.09,Normal
2024-12-04 09:45:14,8689,5928,udp,63.52,Flood
2024-12-09 17:49:39,8117,371,tcp,40.98,Flood
2024-12-04 01:41:50,1533,2981,tcp,56.26,Normal
2024-12-08 22:52:09,5076,2660,https,79.64,Normal
2024-12-07 01:09:31,4015,405,http,71.74,Normal
2024-12-09 11:53:28,100,5056,http,93.42,Normal
2024-12-06 23:45:03,1505,1924,http,44.0,Normal
2024-12-07 03:05:28,7053,2363,tcp,90.25,Normal
2024-12-04 18:33:50,2795,4136,tcp,83.07,Normal
2024-12-06 00:04:25,6683,5782,icmp,37.82,Normal
2024-12-08 00:46:29,4538,8922,udp,97.44,Flood
2024-12-08 21:46:59,5568,7369,http,19.93,Normal
2024-12-07 18:33:35,9990,9356,icmp,51.94,Flood
2024-12-04 15:33:24,5257,589,icmp,65.46,Normal
2024-12-07 07:52:46,894,8969,udp,70.8,Flood
2024-12-05 13:37:55,6326,1737,tcp,13.62,Normal
2024-12-06 19:12:41,7514,9589,udp,29.45,Flood
2024-12-06 08:53:58,9171,8825,https,90.9,Flood
2024-12-06 21:45:14,1649,8588,tcp,76.93,Flood
2024-12-08 15:53:53,172,9547,udp,55.35,Flood
2024-12-05 21:38:54,9255,4045,udp,99.21,Flood
2024-12-09 23:57:34,3564,5505,https,85.11,Normal
2024-12-09 20:58:17,2223,8101,https,37.85,Flood
2024-12-08 07:23:12,812,6919,icmp,34.17,Normal
2024-12-07 21:45:35,8230,8200,icmp,63.86,Flood
2024-12-08 10:49:34,8712,9511,icmp,76.7,Flood
2024-12-09 07:23:43,8064,9017,https,54.94,Flood
2024-12-05 11:00:28,2042,8224,udp,61.41,Flood
2024-12-08 05:22:57,2188,4282,udp,81.05,Normal
2024-12-07 14:34:46,8725,5961,tcp,27.55,Flood
2024-12-04 13:35:45,9877,655,icmp,23.01,Flood
2024-12-08 18:18:51,2865,4608,tcp,52.97,Normal
2024-12-06 08:08:54,3613,4752,udp,37.27,Normal
2024-12-06 04:49:19,2486,1225,udp,43.77,Normal
2024-12-04 19:56:35,7854,3237,tcp,34.29,Normal
2024-12-07 23:35:24,1178,9245,icmp,21.86,Flood
2024-12-06 19:59:14,5463,3435,https,34.89,Normal
2024-12-05 04:01:56,1288,939,https,36.09,Normal
2024-12-09 16:19:03,2120,7808,tcp,98.33,Normal
2024-12-04 02:20:35,4757,5041,udp,46.85,Normal
2024-12-05 03:55:07,812,956,icmp,20.54,Normal
2024-12-04 17:01:42,4077,9030,icmp,56.32,Flood
2024-12-07 05:30:56,4688,484,tcp,45.19,Normal
2024-12-07 20:14:26,5802,5655,udp,56.61,Normal
2024-12-09 08:52:01,820,5759,icmp,87.23,Normal
2024-12-08 14:44:02,2628,135,udp,58.62,Normal
2024-12-04 17:51:31,2310,9310,http,58.17,Flood
2024-12-06 18:54:13,1952,5948,tcp,58.46,Normal
2024-12-04 18:21:29,9145,2263,tcp,96.33,Flood
2024-12-07 14:06:36,8684,8525,udp,12.82,Flood
2024-12-04 02:06:13,5743,8600,http,48.98,Flood
2024-12-05 13:12:26,2382,4622,https,39.2,Normal
2024-12-04 06:58:04,6246,7574,udp,44.85,Normal
2024-12-07 12:32:32,223,8624,udp,46.49,Flood
2024-12-07 05:48:59,9720,3844,icmp,58.42,Flood
2024-12-05 07:57:47,717,4375,https,42.81,Normal
2024-12-08 17:46:15,2577,9307,icmp,21.45,Flood
2024-12-08 16:46:14,8513,3546,https,37.99,Flood
2024-12-05 10:57:16,7771,4281,http,95.24,Normal
2024-12-08 23:58:44,9550,6338,https,59.83,Flood
2024-12-05 16:48:48,4575,9442,icmp,19.68,Flood
2024-12-04 01:15:53,1450,8710,tcp,79.18,Flood
2024-12-05 18:46:29,2716,6646,https,33.36,Normal
2024-12-08 07:30:18,1600,9642,http,67.03,Flood
2024-12-08 15:33:48,7488,9379,icmp,99.78,Flood
2024-12-04 02:51:35,3650,2573,udp,26.36,Normal
2024-12-04 21:29:25,5226,4136,icmp,42.2,Normal
2024-12-09 15:16:53,3719,5338,tcp,25.8,Normal
2024-12-06 15:42:36,2744,7524,https,40.69,Normal
2024-12-07 22:10:34,4496,1956,icmp,46.14,Normal
2024-12-08 20:41:17,6138,3620,https,85.56,Normal
2024-12-07 13:55:34,9516,1556,tcp,96.11,Flood
2024-12-06 11:32:56,8496,394,http,63.98,Flood
2024-12-06 17:01:02,8106,9549,udp,82.53,Flood
2024-12-04 10:44:22,3965,9249,https,45.02,Flood
2024-12-05 03:04:28,9820,6207,tcp,38.3,Flood
2024-12-04 01:31:16,5812,2624,icmp,65.36,Normal
2024-12-05 15:17:41,9101,2133,https,82.13,Flood
2024-12-04 20:28:40,1778,838,tcp,63.22,Normal
2024-12-08 02:22:51,9285,6899,http,49.47,Flood
2024-12-04 14:37:52,6737,1278,http,29.69,Normal
2024-12-07 11:34:22,1398,1389,udp,85.63,Normal
2024-12-05 00:27:30,9102,756,udp,16.59,Flood
2024-12-09 13:23:40,9161,5988,udp,46.73,Flood
2024-12-09 11:18:55,5820,2615,https,19.77,Normal
2024-12-08 18:41:58,2090,6160,icmp,23.12,Normal
2024-12-06 00:52:02,1851,4947,https,92.53,Normal
2024-12-04 09:35:56,3243,7781,tcp,18.42,Normal
2024-12-08 18:46:12,7689,2129,http,25.27,Normal
2024-12-05 19:00:45,3441,5969,icmp,54.22,Normal
2024-12-06 01:30:51,5179,272,https,40.19,Normal
2024-12-06 23:59:33,8291,8855,udp,34.96,Flood
2024-12-09 14:01:06,3853,6283,https,81.24,Normal
2024-12-07 15:10:15,6024,6331,udp,52.77,Normal
2024-12-07 06:35:39,9678,5227,icmp,64.31,Flood
2024-12-08 13:06:07,689,6121,icmp,40.92,Normal
2024-12-09 01:26:34,6455,1301,udp,31.71,Normal
2024-12-05 23:03:53,6911,4073,http,62.19,Normal
2024-12-08 07:13:03,610,1498,udp,16.79,Normal
2024-12-06 01:49:01,8515,3899,icmp,16.57,Flood
2024-12-08 08:32:15,3400,9629,http,28.62,Flood
2024-12-04 06:38:58,5495,9967,http,88.47,Flood
2024-12-05 19:22:58,7748,4435,tcp,12.1,Normal
2024-12-06 06:11:13,1423,1030,udp,59.12,Normal
2024-12-07 12:51:15,4734,6788,http,24.26,Normal
2024-12-06 08:21:46,7585,5352,tcp,85.41,Normal
2024-12-04 13:56:33,9992,2099,http,70.36,Flood
2024-12-09 05:21:27,3696,9579,https,23.3,Flood
2024-12-09 21:11:26,6597,315,icmp,24.91,Normal
2024-12-07 08:50:15,6679,6691,udp,80.92,Normal
2024-12-06 07:59:17,2962,6900,udp,33.42,Normal
2024-12-05 09:56:07,2379,765,tcp,44.5,Normal
2024-12-05 22:43:49,563,9663,https,89.84,Flood
2024-12-08 00:59:56,3634,7572,tcp,84.69,Normal
2024-12-05 18:56:28,3473,1460,udp,65.68,Normal
2024-12-07 14:00:17,1573,8321,tcp,78.61,Flood
2024-12-07 18:21:04,5432,4211,udp,51.65,Normal
2024-12-09 15:34:28,9888,4191,https,42.29,Flood
2024-12-09 11:18:47,5905,4557,udp,32.62,Normal
2024-12-07 03:12:13,7166,1053,udp,43.98,Normal
2024-12-09 03:05:00,7521,8496,icmp,32.77,Flood
2024-12-07 01:50:31,4828,8980,udp,58.89,Flood
2024-12-05 12:08:06,8353,4663,icmp,62.67,Flood
2024-12-07 12:39:46,6107,7727,https,53.88,Normal
2024-12-09 14:50:35,3428,5020,udp,83.09,Normal
2024-12-06 20:37:28,5694,6026,icmp,31.74,Normal
2024-12-05 14:27:21,6106,236,udp,90.02,Normal
2024-12-08 04:49:04,3963,7146,udp,80.04,Normal
2024-12-08 14:52:30,7715,3754,icmp,95.92,Normal
2024-12-04 09:36:22,4743,844,icmp,12.67,Normal
2024-12-04 23:07:27,2621,8395,icmp,41.54,Flood
2024-12-07 02:09:50,6573,4115,https,11.55,Normal
2024-12-09 12:31:37,7246,7531,tcp,83.36,Normal
2024-12-04 18:37:34,1390,797,udp,85.77,Normal
2024-12-09 03:06:22,5934,9761,http,43.13,Flood
2024-12-05 15:55:46,7451,3942,tcp,14.62,Normal
2024-12-07 05:09:10,727,5479,udp,50.96,Normal
2024-12-07 23:41:00,9872,4348,tcp,93.82,Flood
2024-12-06 19:13:23,6576,8553,http,82.49,Flood
2024-12-05 08:22:59,8514,9908,icmp,84.0,Flood
2024-12-08 13:13:34,2103,340,udp,50.2,Normal
2024-12-09 05:14:03,6143,8875,icmp,16.27,Flood
2024-12-04 14:52:48,5092,1343,https,16.01,Normal
2024-12-06 19:28:54,4168,3179,tcp,43.71,Normal
2024-12-07 23:20:34,8637,8502,icmp,24.89,Flood
2024-12-04 22:59:44,6953,2722,icmp,52.04,Normal
2024-12-05 08:46:32,4954,6482,icmp,69.98,Normal
2024-12-08 07:32:29,5368,4307,icmp,12.39,Normal
2024-12-05 12:14:56,944,8909,http,11.17,Flood
2024-12-04 12:31:34,6218,5996,udp,27.19,Normal
2024-12-04 21:09:55,5637,9300,udp,86.65,Flood
2024-12-08 07:21:29,5482,1828,udp,81.81,Normal
2024-12-05 15:36:44,1594,6232,udp,78.23,Normal
2024-12-08 17:02:02,9035,7448,http,96.71,Flood
2024-12-05 07:33:48,6070,4478,http,10.65,Normal
2024-12-09 13:34:08,3263,9933,tcp,49.79,Flood
2024-12-05 10:57:09,5369,921,http,21.22,Normal
2024-12-06 17:04:40,7019,9301,icmp,15.12,Flood
2024-12-07 19:50:36,9754,3423,udp,71.69,Flood
2024-12-04 21:45:17,6006,7465,tcp,82.42,Normal
2024-12-04 02:43:25,3898,5966,https,28.56,Normal
2024-12-09 11:54:50,3768,3312,tcp,36.88,Normal
2024-12-08 11:28:54,7283,9012,tcp,60.51,Flood
2024-12-09 05:12:00,5504,2683,udp,22.79,Normal
2024-12-09 23:01:20,8650,7667,tcp,68.14,Flood
2024-12-09 17:20:23,2557,574,icmp,18.82,Normal
2024-12-07 01:31:38,8513,3133,tcp,56.59,Flood
2024-12-06 09:22:35,7831,8117,udp,15.79,Flood
2024-12-08 08:10:50,5713,3008,udp,23.68,Normal
2024-12-06 02:26:01,6969,8219,tcp,17.84,Flood
2024-12-06 18:55:30,1225,2313,icmp,21.65,Normal
2024-12-07 01:23:09,6902,3270,http,18.18,Normal
2024-12-05 12:35:03,8708,4629,udp,33.43,Flood
2024-12-06 21:35:45,9685,3231,tcp,48.07,Flood
2024-12-05 16:37:49,3066,4194,https,25.04,Normal
2024-12-04 16:39:33,1742,555,tcp,26.18,Normal
2024-12-05 09:59:41,5601,1008,icmp,10.49,Normal
2024-12-04 11:00:11,1005,7420,https,15.28,Normal
2024-12-07 03:01:32,1824,5909,http,56.43,Normal
2024-12-05 00:28:30,7327,6566,http,93.79,Normal
2024-12-06 19:33:34,9925,5615,http,41.32,Flood
2024-12-05 17:21:46,7149,7836,http,85.96,Normal
2024-12-08 12:46:08,8750,2922,tcp,30.51,Flood
2024-12-08 21:19:27,7518,7586,icmp,20.41,Normal
2024-12-04 23:49:11,4780,3224,udp,18.97,Normal
2024-12-09 19:26:18,4966,9361,http,31.02,Flood
2024-12-08 06:01:02,6549,1192,udp,49.47,Normal
2024-12-05 01:43:36,7854,4343,http,98.26,Normal
2024-12-07 04:02:31,6066,8350,udp,20.79,Flood
2024-12-06 10:21:02,3025,2939,icmp,22.66,Normal
2024-12-09 16:09:46,4544,7674,http,33.48,Normal
2024-12-05 13:52:24,9911,1838,udp,47.24,Flood
2024-12-09 18:42:02,6718,3987,icmp,77.79,Normal
2024-12-09 11:18:44,2623,4918,tcp,48.37,Normal
2024-12-08 20:36:44,9850,8727,icmp,49.17,Flood
2024-12-09 09:59:49,9643,6596,http,30.89,Flood
2024-12-09 01:08:18,2586,8943,https,55.11,Flood
2024-12-09 15:59:38,8028,9687,udp,94.45,Flood
2024-12-08 17:48:32,1637,9168,https,21.54,Flood
2024-12-08 06:37:18,2629,9156,http,20.74,Flood
2024-12-09 00:22:06,4770,1834,icmp,84.58,Normal
2024-12-07 11:40:39,7796,8495,tcp,83.9,Flood
2024-12-05 11:12:29,2497,6569,tcp,14.17,Normal
2024-12-04 08:21:19,3260,2050,udp,58.32,Normal
2024-12-05 10:22:17,6527,2852,https,40.07,Normal
2024-12-08 00:02:28,5103,4865,https,44.99,Normal
2024-12-06 04:38:44,1668,2547,tcp,64.59,Normal
2024-12-08 13:26:10,309,2813,https,20.25,Normal
2024-12-05 03:39:16,7731,2821,udp,83.89,Normal
2024-12-07 23:10:53,3253,3873,icmp,86.98,Normal
2024-12-05 22:22:00,2655,5926,https,60.99,Normal
2024-12-05 00:18:25,4639,9151,https,17.11,Flood
2024-12-09 10:41:25,4610,5534,https,67.61,Normal
2024-12-04 15:59:26,8040,3473,udp,30.94,Flood
2024-12-04 10:50:14,4077,5622,tcp,64.26,Normal
2024-12-07 00:36:09,8305,3052,udp,62.5,Flood
2024-12-05 12:25:04,8438,985,tcp,97.52,Flood
2024-12-06 05:51:05,9688,1879,http,19.82,Flood
2024-12-05 02:53:13,5607,7473,tcp,67.09,Normal
2024-12-06 16:59:21,7611,4046,udp,40.53,Normal
2024-12-09 01:40:37,3185,6645,icmp,68.22,Normal
2024-12-04 01:43:50,4646,4423,udp,37.02,Normal
2024-12-07 04:19:41,8039,2738,https,64.17,Flood
2024-12-04 00:17:01,7764,6636,http,39.48,Normal
2024-12-07 10:58:34,3814,5518,http,99.18,Normal
2024-12-09 02:15:00,2799,6897,tcp,81.29,Normal
2024-12-05 16:34:09,1499,9373,http,93.9,Flood
2024-12-07 17:02:57,1767,8816,icmp,64.99,Flood
2024-12-09 10:03:09,4378,9484,icmp,88.74,Flood
2024-12-06 15:18:25,7016,2611,icmp,87.25,Normal
2024-12-07 07:25:42,3452,7921,udp,60.2,Normal
2024-12-06 14:30:09,744,3683,http,86.47,Normal
2024-12-07 08:11:20,1679,7769,tcp,72.02,Normal
2024-12-06 10:35:03,5854,9287,https,58.15,Flood
2024-12-09 07:40:57,4852,6403,udp,99.68,Normal
2024-12-04 04:56:08,3346,8592,tcp,93.2,Flood
2024-12-07 16:00:22,1025,9099,icmp,47.2,Flood
2024-12-06 00:26:21,3220,988,udp,39.72,Normal
2024-12-05 14:39:37,9962,8780,icmp,19.02,Flood
2024-12-07 11:59:28,2347,7612,https,20.61,Normal
2024-12-07 01:24:43,6322,2598,tcp,18.23,Normal
2024-12-08 01:48:12,3653,3717,tcp,89.59,Normal
2024-12-09 18:02:09,4570,9659,http,22.09,Flood
2024-12-04 15:49:52,267,7823,udp,28.88,Normal
2024-12-08 11:05:40,6975,8995,https,13.98,Flood
2024-12-07 22:15:47,3414,7333,https,85.29,Normal
2024-12-05 07:07:16,1655,2893,https,11.78,Normal
2024-12-09 15:26:06,3336,4043,udp,84.9,Normal
2024-12-05 09:08:02,5304,296,http,81.87,Normal
2024-12-04 13:04:19,7698,187,udp,61.14,Normal
2024-12-08 13:56:35,4437,101,icmp,86.12,Normal
2024-12-09 09:49:22,953,9780,icmp,82.97,Flood
2024-12-06 14:36:13,4284,7985,https,47.6,Normal
2024-12-05 14:25:44,7857,5139,http,50.21,Normal
2024-12-09 01:33:09,4443,2666,icmp,16.75,Normal
2024-12-07 04:59:53,2617,7295,udp,56.03,Normal
2024-12-07 17:48:24,5819,8961,http,53.53,Flood
2024-12-04 23:28:26,651,6561,icmp,76.99,Normal
2024-12-04 12:11:05,8745,1878,https,36.32,Flood
2024-12-09 19:01:44,5207,5841,icmp,40.91,Normal
2024-12-06 09:15:11,6009,9230,https,86.14,Flood
2024-12-09 01:43:05,9982,225,icmp,40.2,Flood
2024-12-04 13:51:12,4764,6877,http,20.15,Normal
2024-12-05 05:35:44,5865,8132,http,62.55,Flood
2024-12-07 10:39:36,2220,5571,tcp,72.38,Normal
2024-12-07 13:31:06,2976,9452,https,98.39,Flood
2024-12-05 08:28:54,1635,6839,http,83.0,Normal
2024-12-04 23:56:24,4684,8506,http,67.26,Flood
2024-12-05 13:15:31,4745,9851,https,71.12,Flood
2024-12-08 11:30:28,6744,9207,https,88.68,Flood
2024-12-08 06:48:35,4173,4291,icmp,89.23,Normal
2024-12-09 08:27:04,3487,8825,udp,99.22,Flood
2024-12-06 20:56:43,6854,3110,udp,52.92,Normal
2024-12-04 23:05:11,6447,707,http,79.35,Normal
2024-12-08 17:00:40,1923,9537,http,21.42,Flood
2024-12-07 06:44:10,415,7080,tcp,32.02,Normal
2024-12-04 23:19:10,8207,3432,tcp,95.16,Flood
2024-12-04 19:50:16,1635,1579,https,65.55,Normal
2024-12-06 19:00:54,8222,7384,https,46.22,Flood
2024-12-07 12:00:52,6360,6540,https,42.27,Normal
2024-12-05 08:02:04,1767,9735,https,36.48,Flood
2024-12-04 09:39:07,2221,2057,http,93.39,Normal
2024-12-06 06:38:49,8942,8670,tcp,99.88,Flood
2024-12-08 21:56:55,6165,7123,https,27.5,Normal
2024-12-04 10:40:55,733,2158,udp,24.32,Normal
2024-12-07 04:27:27,7349,5486,icmp,67.78,Normal
2024-12-08 18:37:23,8175,1894,icmp,82.59,Flood
2024-12-08 12:34:29,2833,4815,icmp,90.22,Normal
2024-12-07 02:29:09,2872,9438,tcp,16.0,Flood
2024-12-09 03:45:34,5025,280,https,17.56,Normal
2024-12-05 17:29:42,5679,353,tcp,91.23,Normal
2024-12-09 02:25:21,7113,3129,icmp,18.99,Normal
2024-12-05 17:55:40,9313,6022,tcp,43.07,Flood
2024-12-06 11:21:46,6860,6790,http,23.53,Normal
2024-12-05 12:01:17,181,8634,http,79.79,Flood
2024-12-08 06:26:02,317,5260,tcp,48.57,Normal
2024-12-04 16:43:56,5949,5815,udp,16.3,Normal
2024-12-04 01:47:28,8849,2154,tcp,87.09,Flood
2024-12-07 07:15:52,3676,5523,https,26.41,Normal
2024-12-06 12:44:26,6470,4059,tcp,60.29,Normal
2024-12-07 17:55:43,4110,129,udp,75.79,Normal
2024-12-05 23:54:13,8361,8340,udp,26.75,Flood
2024-12-09 06:03:36,6324,7829,udp,70.79,Normal
2024-12-04 21:28:18,5800,5390,tcp,38.72,Normal
2024-12-05 21:15:32,3748,7353,icmp,70.95,Normal
2024-12-07 22:14:39,3527,3716,https,91.55,Normal
2024-12-06 02:42:11,144,2150,udp,38.47,Normal
2024-12-08 12:45:19,9521,2642,https,64.45,Flood
2024-12-09 06:13:00,6743,4986,udp,60.59,Normal
2024-12-06 13:17:13,3704,5789,icmp,69.69,Normal
2024-12-07 15:27:26,7937,4251,http,83.47,Normal
2024-12-05 14:55:17,6612,9913,udp,19.32,Flood
2024-12-07 18:09:04,6295,5311,udp,60.63,Normal
2024-12-05 17:25:59,5131,9989,https,29.1,Flood
2024-12-04 07:59:21,1451,9035,https,53.7,Flood
2024-12-09 01:45:44,6254,4678,udp,25.94,Normal
2024-12-04 23:59:31,527,6756,tcp,94.14,Normal
2024-12-09 11:10:44,6150,6590,http,74.73,Normal
2024-12-09 14:37:05,7674,5279,tcp,51.16,Normal
2024-12-08 05:06:44,5646,5225,udp,38.36,Normal
2024-12-08 19:05:59,1371,5883,tcp,63.17,Normal
2024-12-04 23:01:33,3243,4574,http,70.58,Normal
2024-12-09 18:16:14,1341,6065,tcp,27.78,Normal
2024-12-08 00:42:04,1024,2646,https,73.77,Normal
2024-12-05 01:28:42,9213,7428,http,44.76,Flood
2024-12-05 04:59:58,4520,5550,http,34.56,Normal
2024-12-06 01:45:07,6666,2671,tcp,37.64,Normal
2024-12-07 18:32:45,6851,5510,https,15.56,Normal
2024-12-08 03:38:17,6869,3876,tcp,46.08,Normal
2024-12-04 08:36:02,7711,165,udp,70.08,Normal
2024-12-08 22:43:01,3159,4511,https,43.43,Normal
2024-12-07 17:05:17,4120,5901,http,13.52,Normal
2024-12-09 13:39:49,8200,8353,https,29.39,Flood
2024-12-04 00:52:15,2471,8456,tcp,21.08,Flood
2024-12-08 01:43:37,5743,3853,https,40.55,Normal
2024-12-04 00:44:51,8649,1679,udp,63.86,Flood
2024-12-05 09:59:38,8981,8070,icmp,97.7,Flood
2024-12-09 06:03:03,3246,5109,https,92.94,Normal
2024-12-07 00:03:55,5798,771,udp,21.28,Normal
2024-12-08 04:18:52,3417,2959,tcp,67.84,Normal
2024-12-04 13:04:21,8455,9174,tcp,77.02,Flood
2024-12-06 11:45:39,3308,9895,https,32.81,Flood
2024-12-04 08:55:25,4814,4835,tcp,53.1,Normal
2024-12-08 21:48:56,8970,1784,icmp,15.91,Flood
2024-12-08 04:54:14,7099,1226,udp,74.44,Normal
2024-12-07 17:01:46,8420,4725,icmp,73.58,Flood
2024-12-05 07:16:21,3545,6751,udp,11.08,Normal
2024-12-08 22:59:42,6301,6613,tcp,53.93,Normal
2024-12-06 15:19:18,3226,154,https,24.56,Normal
2024-12-07 05:50:07,3940,471,icmp,81.55,Normal
2024-12-08 23:21:07,5094,8011,https,73.4,Flood
2024-12-07 00:48:01,851,1341,icmp,89.55,Normal
2024-12-08 20:04:22,1333,7949,icmp,14.76,Normal
2024-12-09 01:39:09,4734,2764,https,24.41,Normal
2024-12-08 18:40:36,3049,3053,udp,25.37,Normal
2024-12-06 21:23:08,8938,7819,https,42.29,Flood
2024-12-08 23:19:55,7191,9846,udp,32.4,Flood
2024-12-09 12:25:55,2410,5590,https,93.62,Normal
2024-12-05 07:53:20,9612,6311,udp,32.86,Flood
2024-12-05 15:51:51,8228,426,icmp,51.25,Flood
2024-12-08 16:35:17,4998,8554,https,17.56,Flood
2024-12-09 09:10:17,2828,7185,udp,87.64,Normal
2024-12-04 13:10:49,5171,6894,http,90.16,Normal
2024-12-05 00:00:22,928,2843,udp,89.69,Normal
2024-12-07 05:17:53,6214,585,tcp,77.42,Normal
2024-12-09 12:14:27,6390,3389,http,20.16,Normal
2024-12-05 16:53:10,8301,8433,http,12.69,Flood
2024-12-06 09:45:40,7660,5724,http,54.93,Normal
2024-12-06 06:26:47,6537,8606,http,94.84,Flood
2024-12-07 09:55:04,7550,7806,http,37.93,Normal
2024-12-04 10:17:14,8312,9104,icmp,83.12,Flood
2024-12-09 01:15:41,7930,9997,icmp,85.02,Flood
2024-12-06 02:42:14,6932,3784,icmp,99.91,Normal
2024-12-04 04:15:22,2858,7006,icmp,74.71,Normal
2024-12-04 10:33:45,3695,5026,udp,22.6,Normal
2024-12-04 09:26:27,6806,4373,http,43.64,Normal
2024-12-04 20:46:30,7754,4190,tcp,50.21,Normal
2024-12-06 15:33:34,6267,5080,https,58.84,Normal
2024-12-05 03:24:04,5775,8971,http,95.9,Flood
2024-12-05 20:07:14,9841,7456,icmp,43.35,Flood
2024-12-04 06:20:32,6092,5670,http,78.74,Normal
2024-12-05 02:08:07,2734,7987,udp,49.77,Normal
2024-12-06 06:30:05,5151,827,icmp,21.83,Normal
2024-12-08 21:40:01,7395,7172,icmp,82.09,Normal
2024-12-05 09:06:08,1504,4938,tcp,78.22,Normal
2024-12-05 16:07:34,6110,7378,http,19.96,Normal
2024-12-05 16:36:16,823,5466,https,69.2,Normal
2024-12-05 03:53:13,9906,1854,http,98.39,Flood
2024-12-04 01:04:28,9614,2592,https,33.23,Flood
2024-12-04 08:32:19,7921,3693,icmp,50.06,Normal
2024-12-07 19:00:23,2348,8573,http,23.48,Flood
2024-12-09 15:35:58,6312,5935,icmp,65.28,Normal
2024-12-05 17:25:08,8701,8618,https,68.9,Flood
2024-12-08 07:21:21,3313,2549,tcp,28.57,Normal
2024-12-04 14:59:38,7634,1395,icmp,40.57,Normal
2024-12-06 05:53:52,4823,3949,https,75.79,Normal
2024-12-05 01:54:56,4836,1557,https,83.14,Normal
2024-12-06 13:31:54,5176,8875,https,56.05,Flood
2024-12-06 22:11:08,2456,9839,https,70.92,Flood
2024-12-04 01:52:21,2983,3507,icmp,39.46,Normal
2024-12-08 14:46:27,1547,5933,icmp,83.8,Normal
2024-12-09 14:36:31,6083,7746,http,56.25,Normal
2024-12-05 02:10:15,4511,4705,http,55.43,Normal
2024-12-08 10:04:07,6300,346,https,75.36,Normal
2024-12-09 23:46:41,8501,1850,udp,71.33,Flood
2024-12-06 10:05:05,3931,1244,https,35.53,Normal
2024-12-05 05:17:23,6311,4207,http,80.89,Normal
2024-12-07 13:58:09,4602,5769,https,57.51,Normal
2024-12-05 19:30:22,8484,653,https,20.37,Flood
2024-12-09 08:37:14,2428,3386,http,34.0,Normal
2024-12-08 22:40:44,1628,9621,http,82.69,Flood
2024-12-05 20:41:57,2004,3426,http,56.73,Normal
2024-12-05 20:30:37,1943,5016,http,37.02,Normal
2024-12-04 14:24:39,4212,6859,tcp,91.5,Normal
2024-12-04 13:01:53,3364,2025,tcp,76.34,Normal
2024-12-09 04:57:17,5988,6933,https,57.11,Normal
2024-12-06 09:13:33,835,3557,udp,82.9,Normal
2024-12-08 11:08:35,915,6755,http,18.18,Normal
2024-12-06 07:07:33,755,620,http,95.19,Normal
2024-12-06 06:34:56,5929,4125,tcp,30.06,Normal
2024-12-06 11:47:16,3717,8194,http,71.99,Flood
2024-12-06 12:45:25,5219,2866,udp,42.07,Normal
2024-12-04 10:18:08,6611,7096,http,50.59,Normal
2024-12-06 21:13:11,5653,8467,tcp,56.09,Flood
2024-12-07 17:21:30,7375,5895,https,95.26,Normal
2024-12-06 04:59:29,270,8064,https,87.88,Flood
2024-12-06 23:50:01,4948,3763,udp,19.4,Normal
2024-12-05 08:56:44,3089,2736,udp,87.02,Normal
2024-12-08 12:48:23,7053,9972,https,61.35,Flood
2024-12-07 09:43:18,7087,817,https,81.38,Normal
2024-12-06 09:20:33,9426,2402,tcp,84.85,Flood
2024-12-04 20:02:20,9327,5644,udp,63.85,Flood
2024-12-08 07:33:38,8057,3624,https,11.5,Flood
2024-12-06 16:59:36,9690,9118,tcp,20.24,Flood
2024-12-09 21:08:28,7421,6420,tcp,93.25,Normal
2024-12-07 12:08:44,8683,3615,https,48.99,Flood
2024-12-05 09:55:19,314,7396,https,81.34,Normal
2024-12-05 23:40:39,4360,1139,udp,98.68,Normal
2024-12-08 00:50:26,260,9781,icmp,94.56,Flood
2024-12-09 09:57:10,597,9952,tcp,26.07,Flood
2024-12-08 11:51:59,6381,5899,udp,36.91,Normal
2024-12-05 18:43:19,5428,3008,udp,48.39,Normal
2024-12-06 03:44:02,7157,269,icmp,52.85,Normal
2024-12-04 11:57:33,7144,2805,http,49.58,Normal
2024-12-09 19:10:29,1994,4757,tcp,38.24,Normal
2024-12-06 08:16:18,3683,3946,https,75.81,Normal
2024-12-05 19:12:13,1798,1743,https,48.6,Normal
2024-12-04 11:11:12,1310,7986,https,73.7,Normal
2024-12-08 12:04:19,625,3576,icmp,64.06,Normal
2024-12-05 23:57:27,7595,4382,https,22.68,Normal
2024-12-04 14:59:21,4792,2757,icmp,61.55,Normal
2024-12-04 18:21:04,3394,2618,udp,44.57,Normal
2024-12-05 11:33:40,7935,155,udp,10.83,Normal
2024-12-05 03:38:29,4031,6496,icmp,43.67,Normal
2024-12-05 14:44:44,8238,7887,udp,20.62,Flood
2024-12-07 23:39:51,223,7070,udp,19.84,Normal
2024-12-09 21:18:01,1369,7809,http,14.83,Normal
2024-12-07 01:16:06,1725,3796,icmp,80.85,Normal
2024-12-05 06:39:18,8568,8941,icmp,97.01,Flood
2024-12-09 22:15:11,2979,2027,https,76.88,Normal
2024-12-09 15:59:47,7331,9024,tcp,13.98,Flood
2024-12-07 07:15:49,3481,9828,http,83.99,Flood
2024-12-04 10:58:03,4282,5550,http,70.88,Normal
2024-12-09 14:35:48,7958,8848,http,92.25,Flood
2024-12-06 19:49:58,4325,8509,udp,92.18,Flood
2024-12-07 17:59:07,7188,4111,tcp,38.01,Normal
2024-12-06 17:04:38,6068,4733,icmp,41.5,Normal
2024-12-05 20:15:05,4845,2602,udp,82.85,Normal
2024-12-07 01:29:08,5694,3035,udp,49.68,Normal
2024-12-06 00:10:55,9566,7237,http,94.3,Flood
2024-12-07 01:08:17,9100,1554,tcp,69.3,Flood
2024-12-08 22:20:36,7173,9890,udp,18.98,Flood
2024-12-09 20:08:01,768,4535,icmp,99.62,Normal
2024-12-09 06:35:38,4163,4626,http,12.6,Normal
2024-12-07 23:26:48,5032,3293,udp,61.47,Normal
2024-12-08 08:08:17,9942,3245,icmp,77.64,Flood
2024-12-04 09:20:36,6509,1255,tcp,89.23,Normal
2024-12-07 15:52:43,7750,4915,udp,89.73,Normal
2024-12-04 07:37:01,969,9880,udp,42.43,Flood
2024-12-09 06:59:16,5709,4704,udp,37.03,Normal
2024-12-04 22:08:18,4129,2897,icmp,38.26,Normal
2024-12-08 20:12:47,9014,6602,tcp,69.05,Flood
2024-12-05 22:09:52,4794,7092,https,79.32,Normal
2024-12-08 21:38:23,6195,3972,tcp,75.13,Normal
2024-12-08 23:25:24,4220,6949,udp,94.38,Normal
2024-12-05 19:39:04,2853,3739,https,45.53,Normal
2024-12-06 10:26:28,5739,8580,udp,22.69,Flood
2024-12-07 21:54:49,7086,1319,tcp,89.71,Normal
2024-12-05 21:37:31,5129,4075,tcp,23.45,Normal
2024-12-04 02:07:30,665,9087,https,49.06,Flood
2024-12-06 14:22:43,6983,8172,http,80.27,Flood
2024-12-08 03:57:23,4993,307,https,25.85,Normal
2024-12-04 03:56:04,4074,5191,tcp,62.09,Normal
2024-12-08 08:34:55,5853,8785,udp,26.05,Flood
2024-12-06 06:03:53,3752,2546,http,24.27,Normal
2024-12-04 21:45:20,6554,578,http,44.65,Normal
2024-12-06 09:08:18,6134,7874,icmp,17.78,Normal
2024-12-05 12:21:02,5982,5782,tcp,41.71,Normal
2024-12-05 15:17:34,9687,8113,icmp,65.63,Flood
2024-12-09 17:24:23,6500,3977,http,83.54,Normal
2024-12-05 00:38:14,2801,7307,udp,26.18,Normal
2024-12-05 05:40:57,5469,3764,https,23.02,Normal
2024-12-08 10:51:17,1620,2440,https,89.71,Normal
2024-12-06 12:20:17,5160,7195,http,64.35,Normal
2024-12-04 02:31:43,5517,8228,http,95.04,Flood
2024-12-06 20:00:18,3358,2852,tcp,42.5,Normal
2024-12-05 08:31:25,4004,5610,tcp,66.53,Normal
2024-12-09 22:10:04,4709,6184,udp,30.4,Normal
2024-12-08 23:54:53,9045,8585,udp,89.4,Flood
2024-12-09 02:32:47,6564,8872,udp,60.8,Flood
2024-12-07 22:43:12,3243,3727,tcp,29.73,Normal
2024-12-07 03:51:56,2795,6172,https,42.62,Normal
2024-12-05 00:25:14,6466,4604,https,18.24,Normal
2024-12-06 10:42:30,868,7618,https,18.16,Normal
2024-12-05 13:10:22,435,8394,tcp,10.03,Flood
2024-12-09 23:35:10,9766,1722,https,82.73,Flood
2024-12-07 19:47:07,4883,5206,udp,70.79,Normal
2024-12-07 10:44:26,7472,2849,tcp,25.83,Normal
2024-12-06 11:33:42,4509,6214,http,40.89,Normal
2024-12-09 12:45:14,4230,3715,tcp,99.96,Normal
2024-12-05 04:59:02,3474,6867,icmp,24.55,Normal
2024-12-09 21:28:13,7048,9202,http,62.24,Flood
2024-12-04 12:53:34,7304,5397,tcp,63.17,Normal
2024-12-05 19:47:12,516,1732,http,48.64,Normal
2024-12-08 04:21:00,4977,8171,udp,99.39,Flood
2024-12-08 09:47:30,1108,5290,https,87.17,Normal
2024-12-07 12:11:42,4384,3549,udp,50.22,Normal
2024-12-06 01:28:10,1349,672,https,33.13,Normal
2024-12-09 06:58:16,3797,4521,https,37.91,Normal
2024-12-06 14:13:32,3250,3197,https,18.28,Normal
2024-12-04 05:51:36,625,6569,icmp,58.38,Normal
2024-12-09 21:13:03,4954,4203,tcp,17.87,Normal
2024-12-06 14:53:40,6273,6956,icmp,56.57,Normal
2024-12-04 13:25:17,8310,3875,http,34.71,Flood
2024-12-09 08:35:17,9032,2866,udp,28.1,Flood
2024-12-07 23:11:42,1709,4185,http,29.15,Normal
2024-12-09 19:24:47,6124,6327,icmp,37.57,Normal
2024-12-06 00:35:53,210,3799,https,60.8,Normal
2024-12-05 21:27:55,3632,1449,icmp,26.75,Normal
2024-12-06 11:31:15,5703,5961,http,78.22,Normal
2024-12-07 22:19:11,6579,8638,tcp,65.79,Flood
2024-12-04 04:01:08,3641,5294,icmp,74.01,Normal
2024-12-09 06:30:19,4334,8144,https,66.56,Flood
2024-12-07 14:43:02,562,3949,http,35.59,Normal
2024-12-08 00:33:13,7724,8721,icmp,91.91,Flood
2024-12-08 05:12:06,2524,6487,http,27.9,Normal
2024-12-04 17:03:17,1336,5288,icmp,55.17,Normal
2024-12-04 12:31:01,714,6312,udp,67.5,Normal
2024-12-09 05:08:55,7424,5327,udp,99.96,Normal
2024-12-07 07:25:49,185,6369,udp,84.97,Normal
2024-12-08 13:18:26,602,1097,udp,81.99,Normal
2024-12-06 19:58:38,6351,129,https,52.9,Normal
2024-12-05 06:16:46,712,9337,tcp,55.38,Flood
2024-12-07 07:30:41,8989,7736,icmp,68.62,Flood
2024-12-05 12:30:13,5514,2925,tcp,83.4,Normal
2024-12-08 08:16:45,6773,658,tcp,48.39,Normal
2024-12-05 23:54:44,6726,9923,udp,24.0,Flood
2024-12-09 07:16:16,7763,8245,icmp,23.38,Flood
2024-12-08 08:57:51,5010,6153,http,27.97,Normal
2024-12-04 16:04:17,3984,9704,tcp,25.77,Flood
2024-12-08 17:51:20,2461,4838,icmp,97.23,Normal
2024-12-06 06:56:11,3612,6904,http,74.45,Normal
2024-12-09 12:49:53,8188,1870,http,95.55,Flood
2024-12-06 02:56:20,8095,9110,icmp,58.16,Flood
2024-12-08 19:38:59,1682,2103,udp,47.11,Normal
2024-12-08 15:34:19,3451,4309,https,95.74,Normal
2024-12-04 06:57:02,3306,8191,tcp,31.45,Flood
2024-12-07 15:42:01,3032,1728,tcp,54.68,Normal
2024-12-05 19:52:28,3198,1349,icmp,70.83,Normal
2024-12-07 15:16:50,829,3634,udp,43.56,Normal
2024-12-06 05:12:11,1251,4705,tcp,78.22,Normal
2024-12-07 19:52:31,6975,1165,https,89.09,Normal
2024-12-07 23:46:27,5791,2585,http,56.5,Normal
2024-12-08 07:04:51,392,4158,http,45.75,Normal
2024-12-05 01:31:38,9363,4869,icmp,47.54,Flood
2024-12-05 17:39:27,5421,8076,http,48.71,Flood
2024-12-09 22:25:18,9675,6285,udp,87.03,Flood
2024-12-04 19:41:38,4656,1618,icmp,14.31,Normal
2024-12-06 02:46:00,7472,9940,https,58.42,Flood
2024-12-08 01:25:30,5292,2057,tcp,76.89,Normal
2024-12-05 01:01:00,1454,2532,icmp,36.33,Normal
2024-12-08 08:15:52,7618,5418,https,53.58,Normal
2024-12-08 02:13:01,3273,909,http,32.2,Normal
2024-12-04 10:12:42,305,7832,http,33.86,Normal
2024-12-09 21:00:25,5718,5094,https,14.05,Normal
2024-12-08 02:20:12,1564,2448,http,62.34,Normal
2024-12-04 14:16:50,1895,3536,icmp,45.83,Normal
2024-12-06 01:24:06,9726,1383,http,22.63,Flood
2024-12-09 15:53:35,5182,4399,icmp,63.35,Normal
2024-12-06 03:34:14,4707,8401,https,34.99,Flood
2024-12-04 17:49:49,5653,4561,icmp,21.08,Normal
2024-12-08 13:26:19,9143,8138,http,86.34,Flood
2024-12-07 19:01:25,6536,1532,udp,97.69,Normal
2024-12-09 07:33:02,8839,167,icmp,87.86,Flood
2024-12-09 04:02:19,558,7916,http,80.84,Normal
2024-12-07 15:32:31,2863,3211,http,44.3,Normal
2024-12-05 15:38:21,5662,388,icmp,78.2,Normal
2024-12-07 11:37:42,4001,4675,udp,25.48,Normal
2024-12-04 10:33:00,9398,1122,https,89.69,Flood
2024-12-08 18:53:00,4252,3610,icmp,34.38,Normal
2024-12-06 05:27:46,126,8030,udp,10.42,Flood
2024-12-07 04:55:51,537,9520,http,99.72,Flood
2024-12-08 13:57:08,4913,5356,http,19.19,Normal
2024-12-07 12:24:11,4638,1542,tcp,52.13,Normal
2024-12-07 20:27:58,2706,1455,tcp,77.96,Normal
2024-12-04 05:35:48,4536,7816,https,35.3,Normal
2024-12-07 10:53:19,3570,5754,http,11.02,Normal
2024-12-07 20:39:16,3236,2027,udp,32.71,Normal
2024-12-04 20:43:53,9064,9348,tcp,15.54,Flood
2024-12-04 23:32:58,7890,4811,https,71.35,Normal
2024-12-04 02:11:28,4587,5955,http,91.02,Normal
2024-12-05 22:34:39,4224,2960,https,19.85,Normal
2024-12-06 19:49:28,4548,1929,icmp,77.51,Normal
2024-12-09 13:55:24,5501,8744,http,50.49,Flood
2024-12-06 23:21:19,6404,7620,https,85.53,Normal
2024-12-08 09:19:07,2813,4058,http,38.13,Normal
2024-12-06 13:34:27,5094,836,http,68.72,Normal
2024-12-04 01:26:41,522,8485,udp,79.73,Flood
2024-12-05 16:24:25,2608,3997,tcp,64.92,Normal
2024-12-08 04:25:34,2338,3347,tcp,56.1,Normal
2024-12-07 19:03:49,9762,612,tcp,63.06,Flood
2024-12-08 15:09:02,7976,6259,http,96.09,Normal
2024-12-06 07:18:42,5168,2515,https,83.85,Normal
2024-12-09 15:17:27,1402,5618,udp,72.25,Normal
2024-12-06 19:22:53,5198,6287,udp,67.54,Normal
2024-12-06 02:52:36,4271,4570,icmp,78.48,Normal
2024-12-07 16:20:11,3880,9463,icmp,39.22,Flood
2024-12-06 01:23:50,3957,8200,https,55.18,Flood
2024-12-09 09:39:11,9544,1053,tcp,18.91,Flood
2024-12-06 10:30:15,2295,5594,udp,66.9,Normal
2024-12-04 17:30:07,2151,595,http,20.9,Normal
2024-12-09 18:01:45,5121,4553,https,36.39,Normal
2024-12-09 03:25:41,9703,8631,https,15.64,Flood
2024-12-05 09:27:33,2438,7787,https,68.14,Normal
2024-12-05 02:14:50,7751,4109,tcp,49.73,Normal
2024-12-09 21:03:32,4478,7732,udp,21.21,Normal
2024-12-04 15:33:59,4373,3879,tcp,72.7,Normal
2024-12-08 23:36:24,7346,7025,https,74.34,Normal
2024-12-08 21:20:02,2102,8548,https,40.27,Flood
2024-12-09 18:40:06,9395,8027,http,47.7,Flood
2024-12-06 05:55:51,5558,3719,icmp,93.57,Normal
2024-12-06 03:58:23,2830,5067,icmp,95.39,Normal
2024-12-07 11:05:48,2765,8097,tcp,94.47,Flood
2024-12-05 20:48:43,267,2405,icmp,12.69,Normal
2024-12-06 11:51:11,1334,2845,icmp,19.08,Normal
2024-12-07 05:32:16,3427,7798,tcp,56.39,Normal
2024-12-05 01:45:38,4412,7221,https,86.76,Normal
2024-12-04 23:39:48,777,229,udp,91.3,Normal
2024-12-09 23:25:47,1448,4899,https,82.58,Normal
2024-12-05 14:06:32,6758,2547,http,13.9,Normal
2024-12-09 20:12:26,984,7284,http,82.08,Normal
2024-12-05 18:30:26,2453,7620,udp,77.62,Normal
2024-12-04 00:49:15,7569,5534,udp,40.87,Normal
2024-12-05 09:28:08,7466,6239,udp,90.5,Normal
2024-12-06 20:30:56,9356,5324,http,80.34,Flood
2024-12-04 21:26:11,6060,173,tcp,72.96,Normal
2024-12-09 23:11:30,1451,4790,udp,26.15,Normal
2024-12-07 10:06:35,5355,6841,http,40.8,Normal
2024-12-07 20:55:43,4766,6159,https,25.38,Normal
2024-12-05 00:03:11,6272,7214,udp,28.33,Normal
2024-12-07 02:04:52,2638,2230,tcp,62.82,Normal
2024-12-07 09:20:32,6124,1273,icmp,32.72,Normal
2024-12-04 09:22:45,2363,7443,http,45.66,Normal
2024-12-07 19:52:45,7701,8019,https,13.85,Flood
2024-12-07 08:13:27,5624,8589,icmp,98.22,Flood
2024-12-07 20:02:27,3393,4042,udp,34.86,Normal
2024-12-08 13:32:39,7703,5772,tcp,67.84,Normal
2024-12-05 10:51:20,5977,1309,udp,75.76,Normal
2024-12-08 02:13:11,4251,483,https,40.04,Normal
2024-12-09 17:02:35,6204,7616,icmp,38.13,Normal
2024-12-07 17:41:48,9276,5032,tcp,18.15,Flood
2024-12-06 05:31:55,1844,1878,http,76.28,Normal
2024-12-05 17:49:14,1670,6493,icmp,26.11,Normal
2024-12-08 18:48:32,9154,2755,udp,53.88,Flood
2024-12-07 11:02:21,1662,5889,udp,94.94,Normal
2024-12-05 21:04:32,1324,2667,icmp,47.99,Normal
2024-12-07 13:12:22,7665,9870,udp,49.11,Flood
2024-12-09 22:15:24,9039,2105,udp,33.81,Flood
2024-12-07 19:19:12,5447,3457,tcp,43.71,Normal
2024-12-06 01:43:59,374,5196,http,63.57,Normal
2024-12-05 01:28:05,6426,5430,tcp,21.04,Normal
2024-12-06 06:31:01,2649,7987,https,61.33,Normal
2024-12-07 03:47:43,9628,2319,tcp,58.21,Flood
2024-12-09 20:34:10,5435,2407,tcp,42.84,Normal
2024-12-05 05:10:16,6835,3800,http,78.6,Normal
2024-12-08 07:36:19,7470,9901,icmp,28.33,Flood
2024-12-06 14:43:27,1114,8395,tcp,15.67,Flood
2024-12-08 14:06:47,2942,8511,udp,75.27,Flood
2024-12-05 17:03:07,9915,3353,https,45.36,Flood
2024-12-07 15:40:19,5505,4572,tcp,13.09,Normal
2024-12-05 08:48:54,6180,8340,udp,96.89,Flood
2024-12-07 06:00:52,7491,3539,tcp,36.99,Normal
2024-12-08 01:48:36,1128,3052,tcp,85.33,Normal
2024-12-06 12:45:17,9528,215,http,93.26,Flood
2024-12-06 06:32:28,1330,2832,icmp,74.35,Normal
2024-12-06 20:39:30,4432,4098,http,11.64,Normal
2024-12-05 06:42:06,2666,7005,https,29.19,Normal
2024-12-05 13:29:30,7223,4927,udp,26.52,Normal
2024-12-08 19:58:34,1187,2660,https,62.06,Normal
2024-12-06 02:05:41,6480,2533,http,98.49,Normal
2024-12-08 20:15:13,5716,8110,tcp,44.86,Flood
2024-12-06 12:08:30,8043,3281,tcp,84.59,Flood
2024-12-06 11:21:51,5048,6084,https,60.24,Normal
2024-12-04 21:41:58,6369,3461,http,21.19,Normal
2024-12-07 09:29:43,6230,7708,icmp,17.03,Normal
2024-12-06 11:44:55,5374,2734,udp,61.66,Normal
2024-12-05 09:58:22,697,9152,https,86.45,Flood
2024-12-09 12:33:20,1571,6102,tcp,51.13,Normal
2024-12-09 04:14:42,2855,3068,udp,65.69,Normal
2024-12-04 03:49:47,6171,4322,udp,26.21,Normal
2024-12-09 02:18:09,2571,677,icmp,20.35,Normal
2024-12-09 22:40:07,4200,4501,http,66.79,Normal
2024-12-05 04:58:14,658,9174,icmp,28.45,Flood
2024-12-06 11:32:47,7685,6602,https,42.23,Normal
2024-12-04 05:14:22,9521,8558,tcp,30.03,Flood
2024-12-09 13:37:23,4808,6973,icmp,36.99,Normal
2024-12-08 23:12:52,612,7415,https,98.3,Normal
2024-12-07 00:55:14,4165,6696,https,32.58,Normal
2024-12-06 15:48:02,888,5292,icmp,57.59,Normal
2024-12-08 07:50:33,9948,1374,icmp,98.21,Flood
2024-12-05 19:04:23,5851,7737,udp,81.92,Normal
2024-12-06 22:16:44,4710,4177,https,79.78,Normal
2024-12-07 15:37:30,8232,8381,icmp,31.47,Flood
2024-12-09 04:32:54,5470,7408,tcp,50.57,Normal
2024-12-04 18:19:53,2181,8023,http,17.22,Flood
2024-12-04 09:26:50,740,8500,udp,52.62,Flood
2024-12-04 22:17:54,1516,1256,https,42.92,Normal
2024-12-07 09:02:53,9403,6435,http,42.87,Flood
2024-12-07 03:12:15,9925,9048,http,56.28,Flood
2024-12-04 16:55:16,3212,8421,icmp,75.57,Flood
2024-12-07 08:49:27,1803,133,https,42.25,Normal
2024-12-08 12:13:21,6963,9365,icmp,84.9,Flood
2024-12-09 01:50:22,7258,4644,icmp,32.68,Normal
2024-12-05 19:20:59,5166,329,udp,36.53,Normal
2024-12-05 02:09:44,3182,9303,http,32.98,Flood
2024-12-08 17:49:18,3414,5503,tcp,47.94,Normal
2024-12-04 05:46:01,6116,7863,https,52.76,Normal
2024-12-08 00:27:18,6080,7567,https,91.44,Normal
2024-12-07 06:32:21,3729,2205,udp,16.5,Normal
2024-12-09 18:43:45,678,8175,https,56.66,Flood
2024-12-04 13:24:16,8493,6114,https,20.62,Flood
2024-12-08 14:07:52,5858,6211,http,47.95,Normal
2024-12-06 12:00:24,3696,356,icmp,41.25,Normal
2024-12-09 00:53:25,4602,1859,https,43.8,Normal
2024-12-06 10:39:21,4144,6640,tcp,67.35,Normal
2024-12-09 16:42:51,3457,2946,https,93.5,Normal
2024-12-05 15:33:17,8793,7889,icmp,74.45,Flood
2024-12-08 07:46:20,4326,7504,udp,35.09,Normal
2024-12-07 02:42:15,1233,3464,udp,16.67,Normal
2024-12-09 12:51:15,6777,2773,http,34.3,Normal
2024-12-09 10:13:38,9092,9186,https,27.2,Flood
2024-12-08 09:08:59,7559,8431,https,32.13,Flood
2024-12-04 06:45:06,4965,8904,udp,59.34,Flood
2024-12-04 10:25:15,232,1003,tcp,64.07,Normal
2024-12-05 09:13:38,2158,7372,http,60.27,Normal
2024-12-09 21:08:22,5608,1353,udp,82.9,Normal
2024-12-07 08:19:28,398,3250,http,86.18,Normal
2024-12-04 14:45:19,3433,971,https,34.57,Normal
2024-12-04 13:27:44,8563,2508,https,30.17,Flood
2024-12-09 13:26:16,1277,2277,icmp,56.09,Normal
2024-12-08 08:23:16,6091,4880,udp,64.45,Normal
2024-12-09 13:04:25,2587,9295,icmp,17.17,Flood
2024-12-08 06:33:13,7928,8739,http,24.32,Flood
2024-12-05 12:18:24,9752,2907,icmp,11.32,Flood
2024-12-08 20:46:18,6131,1155,udp,74.93,Normal
2024-12-06 16:09:00,7207,3748,udp,94.94,Normal
2024-12-08 14:12:37,775,7779,icmp,60.76,Normal
2024-12-08 07:50:30,5477,6984,https,82.55,Normal
2024-12-09 17:50:40,2428,362,tcp,74.86,Normal
2024-12-09 21:10:52,4984,2026,http,87.53,Normal
2024-12-06 12:40:20,3984,4487,http,15.55,Normal
2024-12-05 08:16:46,3002,6139,https,79.6,Normal
2024-12-05 03:23:09,828,3327,udp,56.06,Normal
2024-12-08 02:54:39,6884,3084,http,81.05,Normal
2024-12-07 17:11:46,605,737,https,33.74,Normal
2024-12-05 06:29:55,8229,6869,tcp,67.12,Flood
2024-12-05 18:21:55,6633,7216,tcp,65.44,Normal
2024-12-08 07:40:13,7744,7417,icmp,45.01,Normal
2024-12-06 07:38:00,6686,1395,udp,59.89,Normal
2024-12-05 13:28:46,8278,296,https,14.15,Flood
2024-12-04 04:46:40,3049,649,tcp,62.07,Normal
2024-12-09 23:32:32,3568,856,icmp,14.22,Normal
2024-12-04 07:30:08,1993,7239,http,54.53,Normal
2024-12-09 16:12:19,4829,5014,udp,12.43,Normal
2024-12-08 20:31:00,5535,8773,https,27.11,Flood
2024-12-08 13:23:06,5369,4711,udp,46.73,Normal
2024-12-07 00:14:02,8327,9064,icmp,83.13,Flood
2024-12-06 20:12:04,4385,4814,udp,73.17,Normal
2024-12-04 00:51:19,390,4564,https,73.35,Normal
2024-12-05 22:06:37,5929,7351,icmp,59.38,Normal
2024-12-04 18:50:49,4632,7776,http,79.64,Normal
2024-12-05 13:39:07,4503,6840,https,17.75,Normal
2024-12-08 12:24:52,9063,5268,https,87.24,Flood
2024-12-08 02:18:01,3450,1677,udp,38.96,Normal
2024-12-04 04:52:42,884,6879,https,87.67,Normal
2024-12-08 12:45:21,9475,6959,http,38.18,Flood
2024-12-05 02:42:48,5150,2634,udp,93.29,Normal
2024-12-08 15:13:45,1117,4956,tcp,57.79,Normal
2024-12-06 15:36:48,3806,2610,icmp,73.18,Normal
2024-12-06 00:58:48,5493,6472,https,53.31,Normal
2024-12-08 14:21:34,1845,3670,icmp,53.65,Normal
2024-12-09 12:09:23,8183,2832,https,10.11,Flood
2024-12-07 17:39:07,4689,1062,tcp,30.69,Normal
2024-12-09 00:07:24,754,898,icmp,14.47,Normal
2024-12-04 08:08:25,5111,1451,udp,29.57,Normal
2024-12-08 10:14:05,1844,7932,tcp,59.19,Normal
2024-12-09 19:51:20,3755,9784,https,97.04,Flood
2024-12-04 19:41:16,7660,406,icmp,59.99,Normal
2024-12-08 02:11:27,8226,4207,tcp,48.65,Flood
2024-12-07 06:49:30,6184,3200,icmp,15.84,Normal
2024-12-05 10:49:48,4895,7801,udp,28.14,Normal
2024-12-08 12:58:43,3494,7339,https,97.37,Normal
2024-12-08 02:18:51,1525,1522,udp,24.04,Normal
2024-12-06 16:08:41,4650,595,https,79.7,Normal
2024-12-07 22:46:09,1259,2051,icmp,63.81,Normal
2024-12-08 18:32:12,3936,816,tcp,95.11,Normal
2024-12-04 17:11:45,1285,7077,http,15.16,Normal
2024-12-08 23:05:44,3225,2574,icmp,98.98,Normal
2024-12-04 01:51:31,9989,4592,https,23.37,Flood
2024-12-04 13:06:25,7312,5703,tcp,35.02,Normal
2024-12-08 13:09:23,518,9920,tcp,54.68,Flood
2024-12-09 04:02:26,1959,3598,https,57.97,Normal
2024-12-09 15:35:00,2951,334,icmp,20.33,Normal
2024-12-04 17:15:39,1179,4845,http,48.79,Normal
2024-12-05 19:49:22,5160,4807,icmp,22.38,Normal
2024-12-08 02:21:38,234,596,tcp,84.61,Normal
2024-12-05 18:15:18,607,5021,http,18.73,Normal
2024-12-07 18:08:37,1218,4550,http,92.86,Normal
2024-12-07 08:58:38,8511,8793,icmp,24.4,Flood
2024-12-08 09:35:40,8443,4204,https,64.31,Flood
2024-12-07 01:09:22,5013,6152,https,62.06,Normal
2024-12-04 20:15:47,1782,9251,icmp,68.79,Flood
2024-12-04 00:58:06,2756,5755,tcp,42.19,Normal
2024-12-07 03:06:55,7829,4173,http,52.49,Normal
2024-12-08 10:27:55,9168,3775,udp,71.01,Flood
2024-12-09 12:59:59,312,2387,icmp,29.65,Normal
2024-12-08 17:41:02,7042,9165,icmp,17.63,Flood
2024-12-04 11:49:13,968,9119,tcp,49.68,Flood
2024-12-07 15:00:38,7206,1018,http,49.81,Normal
2024-12-06 18:50:18,7229,7606,udp,44.13,Normal
2024-12-06 13:18:57,4561,8032,tcp,85.63,Flood
2024-12-06 02:51:25,6069,1359,icmp,51.92,Normal
2024-12-04 17:19:35,4271,1486,tcp,49.01,Normal
2024-12-09 14:12:01,7691,9646,tcp,33.85,Flood
2024-12-08 08:24:01,1964,3758,icmp,85.86,Normal
2024-12-08 01:07:45,7950,693,tcp,92.29,Normal
2024-12-07 15:54:09,6776,6216,https,72.98,Normal
2024-12-05 22:20:46,3078,3856,https,94.25,Normal
2024-12-07 18:11:59,1165,3414,https,75.19,Normal
2024-12-05 23:37:24,9929,7954,udp,57.26,Flood
2024-12-07 20:19:54,4081,9572,http,16.85,Flood
2024-12-05 09:35:34,6622,6042,tcp,77.52,Normal
2024-12-08 04:36:44,4579,3062,https,88.52,Normal
2024-12-09 18:51:28,4462,2189,http,58.82,Normal
2024-12-09 04:00:53,2629,7525,http,60.17,Normal
2024-12-05 18:22:25,770,8062,http,71.87,Flood
2024-12-06 13:01:36,2963,4071,https,80.22,Normal
2024-12-07 11:19:50,7342,9813,https,30.7,Flood
2024-12-09 15:16:47,7456,5253,udp,77.81,Normal
2024-12-09 18:38:59,6192,7621,udp,88.61,Normal
2024-12-07 15:37:50,5127,8555,http,42.41,Flood
2024-12-08 11:46:10,7302,6361,http,24.31,Normal
2024-12-09 08:07:51,221,6115,http,27.39,Normal
2024-12-05 08:12:45,9599,4598,udp,84.3,Flood
2024-12-09 18:09:19,8729,9951,icmp,60.07,Flood
2024-12-05 06:57:52,9720,9688,udp,43.0,Flood
2024-12-04 08:27:38,8637,6175,tcp,85.0,Flood
2024-12-07 01:11:33,729,7647,https,17.55,Normal
2024-12-07 02:57:33,6532,1784,icmp,17.17,Normal
2024-12-06 23:09:14,8077,8084,tcp,30.74,Flood
2024-12-09 18:20:56,9379,2270,udp,91.01,Flood
2024-12-08 07:06:05,5902,2450,icmp,11.27,Normal
2024-12-08 08:34:30,8807,7647,http,93.71,Flood
2024-12-08 22:27:39,9872,9400,icmp,68.65,Flood
2024-12-08 04:14:37,2418,9561,udp,40.14,Flood
2024-12-07 02:38:30,898,3054,tcp,51.34,Normal
2024-12-06 01:15:36,2331,4652,http,13.2,Normal
2024-12-04 06:30:20,4039,8444,tcp,58.76,Flood
2024-12-04 09:40:04,4772,7310,https,54.37,Normal
2024-12-07 20:46:57,1150,9105,http,71.33,Flood
2024-12-08 07:18:56,4365,3826,icmp,51.62,Normal
2024-12-09 06:18:04,9505,2403,https,63.99,Flood
2024-12-05 10:29:57,4989,2083,icmp,96.07,Normal
2024-12-06 16:38:57,1060,5990,tcp,58.5,Normal
2024-12-07 21:46:05,3848,4521,https,63.64,Normal
2024-12-06 19:06:12,7644,1287,icmp,90.53,Normal
2024-12-07 06:53:22,6188,2688,tcp,83.77,Normal
2024-12-04 13:07:13,6795,4619,icmp,75.9,Normal
2024-12-07 16:55:08,3014,1661,http,89.08,Normal
2024-12-07 08:35:44,8614,2868,udp,59.94,Flood
2024-12-06 17:12:51,5101,8708,icmp,83.33,Flood
2024-12-08 01:23:28,7055,9882,https,56.64,Flood
2024-12-07 15:34:54,1483,114,udp,30.34,Normal
2024-12-06 23:24:42,9924,4849,https,41.13,Flood
2024-12-07 04:07:21,598,4987,http,38.93,Normal
2024-12-04 18:10:42,3188,1791,http,82.67,Normal
2024-12-04 10:52:13,6459,4328,http,79.74,Normal
2024-12-07 12:31:35,111,2583,https,52.44,Normal
2024-12-05 10:03:13,7850,2227,tcp,81.07,Normal
2024-12-07 10:13:32,5535,1643,udp,73.03,Normal
2024-12-05 04:15:56,2502,2319,tcp,99.9,Normal
2024-12-07 02:08:55,2901,8745,https,66.16,Flood
2024-12-09 02:06:08,1399,7020,icmp,55.51,Normal
2024-12-08 00:43:58,7529,5292,http,13.2,Normal
2024-12-06 16:49:23,401,5273,https,12.91,Normal
2024-12-09 09:21:13,566,8940,https,34.24,Flood
2024-12-08 08:54:32,5135,3965,udp,69.78,Normal
2024-12-07 21:51:13,2485,3982,icmp,89.01,Normal
2024-12-07 14:33:05,2080,9214,icmp,42.35,Flood
2024-12-05 04:35:02,3755,423,udp,38.73,Normal
2024-12-09 03:20:15,6109,3950,tcp,67.26,Normal
2024-12-05 22:10:41,4014,4398,udp,26.67,Normal
2024-12-04 23:34:18,3226,7450,https,68.69,Normal
2024-12-05 17:18:05,8054,3625,tcp,12.72,Flood
2024-12-09 23:19:38,1102,9925,http,31.58,Flood
2024-12-09 05:14:11,9342,1704,https,84.63,Flood
2024-12-09 17:25:46,8613,2637,udp,67.33,Flood
2024-12-08 21:58:16,3989,6129,icmp,78.04,Normal
2024-12-09 06:32:13,3648,5981,https,27.34,Normal
2024-12-08 06:49:23,8889,3844,udp,13.89,Flood
2024-12-07 12:26:11,7978,6187,http,85.16,Normal
2024-12-06 18:51:44,9765,698,https,76.76,Flood
2024-12-05 10:54:47,6105,9686,tcp,89.76,Flood
2024-12-08 20:49:37,5145,3009,http,74.55,Normal
2024-12-05 10:37:09,2074,5971,icmp,97.71,Normal
2024-12-04 16:04:35,5592,5491,tcp,78.06,Normal
2024-12-07 15:02:46,2257,6936,http,96.12,Normal
2024-12-09 18:32:45,3202,750,icmp,28.17,Normal
2024-12-07 12:54:55,3099,4188,https,56.9,Normal
2024-12-05 23:53:58,633,2544,http,14.7,Normal
2024-12-08 16:36:53,2209,3756,udp,50.8,Normal
2024-12-08 10:21:22,2677,469,http,33.55,Normal
2024-12-05 00:43:31,4918,3617,http,19.73,Normal
2024-12-05 14:06:58,4071,9939,http,41.83,Flood
2024-12-08 10:44:14,8872,904,icmp,75.79,Flood
2024-12-07 11:33:13,988,9663,udp,92.47,Flood
2024-12-04 20:06:49,7415,7003,https,44.92,Normal
2024-12-04 14:47:01,5157,7383,icmp,81.86,Normal
2024-12-08 22:40:04,4408,5796,https,30.39,Normal
2024-12-04 17:39:25,206,649,icmp,11.02,Normal
2024-12-04 14:59:27,1461,6030,http,44.01,Normal
2024-12-07 14:34:11,4035,6821,icmp,21.59,Normal
2024-12-08 07:04:05,1808,961,http,11.01,Normal
2024-12-04 22:34:27,3835,4096,udp,68.29,Normal
2024-12-06 00:38:07,464,6202,udp,29.41,Normal
2024-12-09 23:28:05,9810,6776,tcp,58.68,Flood
2024-12-09 23:48:04,4181,2420,udp,14.15,Normal
2024-12-08 13:57:40,6589,5305,icmp,26.61,Normal
2024-12-09 18:49:15,6276,5983,https,92.94,Normal
2024-12-08 00:49:32,617,919,https,85.5,Normal
2024-12-07 04:50:20,2852,2515,tcp,65.15,Normal